ship_type,fuel_type,engine_type,consumption,year
C,Oil,ME-C,1500,2020
C,Oil,ME-GI,1400,2020
C,Oil,ME-LGI,1300,2020
C,LNG,ME-C,0,2020
C,LNG,ME-GI,0,2020
C,LNG,ME-LGI,0,2020
C,LPG,ME-C,0,2020
C,LPG,ME-GI,0,2020
C,LPG,ME-LGI,0,2020
C,MeOH,ME-C,0,2020
C,MeOH,ME-GI,0,2020
C,MeOH,ME-LGI,0,2020
C,NH3,ME-C,0,2020
C,NH3,ME-GI,0,2020
C,NH3,ME-LGI,0,2020
C,RefPO,ME-C,1500,2020
C,RefPO,ME-GI,1400,2020
C,RefPO,ME-LGI,1300,2020
C,H2,ME-C,0,2020
C,H2,ME-GI,0,2020
C,H2,ME-LGI,0,2020
T,Oil,ME-C,1800,2020
T,Oil,ME-GI,1700,2020
T,Oil,ME-LGI,1600,2020
T,LNG,ME-C,0,2020
T,LNG,ME-GI,0,2020
T,LNG,ME-LGI,0,2020
T,LPG,ME-C,0,2020
T,LPG,ME-GI,0,2020
T,LPG,ME-LGI,0,2020
T,MeOH,ME-C,0,2020
T,MeOH,ME-GI,0,2020
T,MeOH,ME-LGI,0,2020
T,NH3,ME-C,0,2020
T,NH3,ME-GI,0,2020
T,NH3,ME-LGI,0,2020
T,RefPO,ME-C,1700,2020
T,RefPO,ME-GI,1600,2020
T,RefPO,ME-LGI,1500,2020
T,H2,ME-C,0,2020
T,H2,ME-GI,0,2020
T,H2,ME-LGI,0,2020
B,Oil,ME-C,2000,2020
B,Oil,ME-GI,1900,2020
B,Oil,ME-LGI,1800,2020
B,LNG,ME-C,0,2020
B,LNG,ME-GI,0,2020
B,LNG,ME-LGI,0,2020
B,LPG,ME-C,0,2020
B,LPG,ME-GI,0,2020
B,LPG,ME-LGI,0,2020
B,MeOH,ME-C,0,2020
B,MeOH,ME-GI,0,2020
B,MeOH,ME-LGI,0,2020
B,NH3,ME-C,0,2020
B,NH3,ME-GI,0,2020
B,NH3,ME-LGI,0,2020
B,RefPO,ME-C,1900,2020
B,RefPO,ME-GI,1800,2020
B,RefPO,ME-LGI,1700,2020
B,H2,ME-C,0,2020
B,H2,ME-GI,0,2020
B,H2,ME-LGI,0,2020
G,Oil,ME-C,1700,2020
G,Oil,ME-GI,1600,2020
G,Oil,ME-LGI,1500,2020
G,LNG,ME-C,0,2020
G,LNG,ME-GI,0,2020
G,LNG,ME-LGI,0,2020
G,LPG,ME-C,0,2020
G,LPG,ME-GI,0,2020
G,LPG,ME-LGI,0,2020
G,MeOH,ME-C,0,2020
G,MeOH,ME-GI,0,2020
G,MeOH,ME-LGI,0,2020
G,NH3,ME-C,0,2020
G,NH3,ME-GI,0,2020
G,NH3,ME-LGI,0,2020
G,RefPO,ME-C,1600,2020
G,RefPO,ME-GI,1500,2020
G,RefPO,ME-LGI,1400,2020
G,H2,ME-C,0,2020
G,H2,ME-GI,0,2020
G,H2,ME-LGI,0,2020
O,Oil,ME-C,1000,2020
O,Oil,ME-GI,900,2020
O,Oil,ME-LGI,800,2020
O,LNG,ME-C,0,2020
O,LNG,ME-GI,0,2020
O,LNG,ME-LGI,0,2020
O,LPG,ME-C,0,2020
O,LPG,ME-GI,0,2020
O,LPG,ME-LGI,0,2020
O,MeOH,ME-C,0,2020
O,MeOH,ME-GI,0,2020
O,MeOH,ME-LGI,0,2020
O,NH3,ME-C,0,2020
O,NH3,ME-GI,0,2020
O,NH3,ME-LGI,0,2020
O,RefPO,ME-C,1200,2020
O,RefPO,ME-GI,1100,2020
O,RefPO,ME-LGI,1000,2020
O,H2,ME-C,0,2020
O,H2,ME-GI,0,2020
O,H2,ME-LGI,0,2020
C,Oil,ME-C,1500,2021
C,Oil,ME-GI,1400,2021
C,Oil,ME-LGI,1300,2021
C,LNG,ME-C,0,2021
C,LNG,ME-GI,0,2021
C,LNG,ME-LGI,0,2021
C,LPG,ME-C,0,2021
C,LPG,ME-GI,0,2021
C,LPG,ME-LGI,0,2021
C,MeOH,ME-C,0,2021
C,MeOH,ME-GI,0,2021
C,MeOH,ME-LGI,0,2021
C,NH3,ME-C,0,2021
C,NH3,ME-GI,0,2021
C,NH3,ME-LGI,0,2021
C,RefPO,ME-C,1500,2021
C,RefPO,ME-GI,1400,2021
C,RefPO,ME-LGI,1300,2021
C,H2,ME-C,0,2021
C,H2,ME-GI,0,2021
C,H2,ME-LGI,0,2021
T,Oil,ME-C,1800,2021
T,Oil,ME-GI,1700,2021
T,Oil,ME-LGI,1600,2021
T,LNG,ME-C,0,2021
T,LNG,ME-GI,0,2021
T,LNG,ME-LGI,0,2021
T,LPG,ME-C,0,2021
T,LPG,ME-GI,0,2021
T,LPG,ME-LGI,0,2021
T,MeOH,ME-C,0,2021
T,MeOH,ME-GI,0,2021
T,MeOH,ME-LGI,0,2021
T,NH3,ME-C,0,2021
T,NH3,ME-GI,0,2021
T,NH3,ME-LGI,0,2021
T,RefPO,ME-C,1700,2021
T,RefPO,ME-GI,1600,2021
T,RefPO,ME-LGI,1500,2021
T,H2,ME-C,0,2021
T,H2,ME-GI,0,2021
T,H2,ME-LGI,0,2021
B,Oil,ME-C,2000,2021
B,Oil,ME-GI,1900,2021
B,Oil,ME-LGI,1800,2021
B,LNG,ME-C,0,2021
B,LNG,ME-GI,0,2021
B,LNG,ME-LGI,0,2021
B,LPG,ME-C,0,2021
B,LPG,ME-GI,0,2021
B,LPG,ME-LGI,0,2021
B,MeOH,ME-C,0,2021
B,MeOH,ME-GI,0,2021
B,MeOH,ME-LGI,0,2021
B,NH3,ME-C,0,2021
B,NH3,ME-GI,0,2021
B,NH3,ME-LGI,0,2021
B,RefPO,ME-C,1900,2021
B,RefPO,ME-GI,1800,2021
B,RefPO,ME-LGI,1700,2021
B,H2,ME-C,0,2021
B,H2,ME-GI,0,2021
B,H2,ME-LGI,0,2021
G,Oil,ME-C,1700,2021
G,Oil,ME-GI,1600,2021
G,Oil,ME-LGI,1500,2021
G,LNG,ME-C,0,2021
G,LNG,ME-GI,0,2021
G,LNG,ME-LGI,0,2021
G,LPG,ME-C,0,2021
G,LPG,ME-GI,0,2021
G,LPG,ME-LGI,0,2021
G,MeOH,ME-C,0,2021
G,MeOH,ME-GI,0,2021
G,MeOH,ME-LGI,0,2021
G,NH3,ME-C,0,2021
G,NH3,ME-GI,0,2021
G,NH3,ME-LGI,0,2021
G,RefPO,ME-C,1600,2021
G,RefPO,ME-GI,1500,2021
G,RefPO,ME-LGI,1400,2021
G,H2,ME-C,0,2021
G,H2,ME-GI,0,2021
G,H2,ME-LGI,0,2021
O,Oil,ME-C,1000,2021
O,Oil,ME-GI,900,2021
O,Oil,ME-LGI,800,2021
O,LNG,ME-C,0,2021
O,LNG,ME-GI,0,2021
O,LNG,ME-LGI,0,2021
O,LPG,ME-C,0,2021
O,LPG,ME-GI,0,2021
O,LPG,ME-LGI,0,2021
O,MeOH,ME-C,0,2021
O,MeOH,ME-GI,0,2021
O,MeOH,ME-LGI,0,2021
O,NH3,ME-C,0,2021
O,NH3,ME-GI,0,2021
O,NH3,ME-LGI,0,2021
O,RefPO,ME-C,1200,2021
O,RefPO,ME-GI,1100,2021
O,RefPO,ME-LGI,1000,2021
O,H2,ME-C,0,2021
O,H2,ME-GI,0,2021
O,H2,ME-LGI,0,2021
C,Oil,ME-C,1500,2022
C,Oil,ME-GI,1400,2022
C,Oil,ME-LGI,1300,2022
C,LNG,ME-C,0,2022
C,LNG,ME-GI,0,2022
C,LNG,ME-LGI,0,2022
C,LPG,ME-C,0,2022
C,LPG,ME-GI,0,2022
C,LPG,ME-LGI,0,2022
C,MeOH,ME-C,0,2022
C,MeOH,ME-GI,0,2022
C,MeOH,ME-LGI,0,2022
C,NH3,ME-C,0,2022
C,NH3,ME-GI,0,2022
C,NH3,ME-LGI,0,2022
C,RefPO,ME-C,1500,2022
C,RefPO,ME-GI,1400,2022
C,RefPO,ME-LGI,1300,2022
C,H2,ME-C,0,2022
C,H2,ME-GI,0,2022
C,H2,ME-LGI,0,2022
T,Oil,ME-C,1800,2022
T,Oil,ME-GI,1700,2022
T,Oil,ME-LGI,1600,2022
T,LNG,ME-C,0,2022
T,LNG,ME-GI,0,2022
T,LNG,ME-LGI,0,2022
T,LPG,ME-C,0,2022
T,LPG,ME-GI,0,2022
T,LPG,ME-LGI,0,2022
T,MeOH,ME-C,0,2022
T,MeOH,ME-GI,0,2022
T,MeOH,ME-LGI,0,2022
T,NH3,ME-C,0,2022
T,NH3,ME-GI,0,2022
T,NH3,ME-LGI,0,2022
T,RefPO,ME-C,1700,2022
T,RefPO,ME-GI,1600,2022
T,RefPO,ME-LGI,1500,2022
T,H2,ME-C,0,2022
T,H2,ME-GI,0,2022
T,H2,ME-LGI,0,2022
B,Oil,ME-C,2000,2022
B,Oil,ME-GI,1900,2022
B,Oil,ME-LGI,1800,2022
B,LNG,ME-C,0,2022
B,LNG,ME-GI,0,2022
B,LNG,ME-LGI,0,2022
B,LPG,ME-C,0,2022
B,LPG,ME-GI,0,2022
B,LPG,ME-LGI,0,2022
B,MeOH,ME-C,0,2022
B,MeOH,ME-GI,0,2022
B,MeOH,ME-LGI,0,2022
B,NH3,ME-C,0,2022
B,NH3,ME-GI,0,2022
B,NH3,ME-LGI,0,2022
B,RefPO,ME-C,1900,2022
B,RefPO,ME-GI,1800,2022
B,RefPO,ME-LGI,1700,2022
B,H2,ME-C,0,2022
B,H2,ME-GI,0,2022
B,H2,ME-LGI,0,2022
G,Oil,ME-C,1700,2022
G,Oil,ME-GI,1600,2022
G,Oil,ME-LGI,1500,2022
G,LNG,ME-C,0,2022
G,LNG,ME-GI,0,2022
G,LNG,ME-LGI,0,2022
G,LPG,ME-C,0,2022
G,LPG,ME-GI,0,2022
G,LPG,ME-LGI,0,2022
G,MeOH,ME-C,0,2022
G,MeOH,ME-GI,0,2022
G,MeOH,ME-LGI,0,2022
G,NH3,ME-C,0,2022
G,NH3,ME-GI,0,2022
G,NH3,ME-LGI,0,2022
G,RefPO,ME-C,1600,2022
G,RefPO,ME-GI,1500,2022
G,RefPO,ME-LGI,1400,2022
G,H2,ME-C,0,2022
G,H2,ME-GI,0,2022
G,H2,ME-LGI,0,2022
O,Oil,ME-C,1000,2022
O,Oil,ME-GI,900,2022
O,Oil,ME-LGI,800,2022
O,LNG,ME-C,0,2022
O,LNG,ME-GI,0,2022
O,LNG,ME-LGI,0,2022
O,LPG,ME-C,0,2022
O,LPG,ME-GI,0,2022
O,LPG,ME-LGI,0,2022
O,MeOH,ME-C,0,2022
O,MeOH,ME-GI,0,2022
O,MeOH,ME-LGI,0,2022
O,NH3,ME-C,0,2022
O,NH3,ME-GI,0,2022
O,NH3,ME-LGI,0,2022
O,RefPO,ME-C,1200,2022
O,RefPO,ME-GI,1100,2022
O,RefPO,ME-LGI,1000,2022
O,H2,ME-C,0,2022
O,H2,ME-GI,0,2022
O,H2,ME-LGI,0,2022
C,Oil,ME-C,1500,2023
C,Oil,ME-GI,1400,2023
C,Oil,ME-LGI,1300,2023
C,LNG,ME-C,0,2023
C,LNG,ME-GI,0,2023
C,LNG,ME-LGI,0,2023
C,LPG,ME-C,0,2023
C,LPG,ME-GI,0,2023
C,LPG,ME-LGI,0,2023
C,MeOH,ME-C,0,2023
C,MeOH,ME-GI,0,2023
C,MeOH,ME-LGI,0,2023
C,NH3,ME-C,0,2023
C,NH3,ME-GI,0,2023
C,NH3,ME-LGI,0,2023
C,RefPO,ME-C,1500,2023
C,RefPO,ME-GI,1400,2023
C,RefPO,ME-LGI,1300,2023
C,H2,ME-C,0,2023
C,H2,ME-GI,0,2023
C,H2,ME-LGI,0,2023
T,Oil,ME-C,1800,2023
T,Oil,ME-GI,1700,2023
T,Oil,ME-LGI,1600,2023
T,LNG,ME-C,0,2023
T,LNG,ME-GI,0,2023
T,LNG,ME-LGI,0,2023
T,LPG,ME-C,0,2023
T,LPG,ME-GI,0,2023
T,LPG,ME-LGI,0,2023
T,MeOH,ME-C,0,2023
T,MeOH,ME-GI,0,2023
T,MeOH,ME-LGI,0,2023
T,NH3,ME-C,0,2023
T,NH3,ME-GI,0,2023
T,NH3,ME-LGI,0,2023
T,RefPO,ME-C,1700,2023
T,RefPO,ME-GI,1600,2023
T,RefPO,ME-LGI,1500,2023
T,H2,ME-C,0,2023
T,H2,ME-GI,0,2023
T,H2,ME-LGI,0,2023
B,Oil,ME-C,2000,2023
B,Oil,ME-GI,1900,2023
B,Oil,ME-LGI,1800,2023
B,LNG,ME-C,0,2023
B,LNG,ME-GI,0,2023
B,LNG,ME-LGI,0,2023
B,LPG,ME-C,0,2023
B,LPG,ME-GI,0,2023
B,LPG,ME-LGI,0,2023
B,MeOH,ME-C,0,2023
B,MeOH,ME-GI,0,2023
B,MeOH,ME-LGI,0,2023
B,NH3,ME-C,0,2023
B,NH3,ME-GI,0,2023
B,NH3,ME-LGI,0,2023
B,RefPO,ME-C,1900,2023
B,RefPO,ME-GI,1800,2023
B,RefPO,ME-LGI,1700,2023
B,H2,ME-C,0,2023
B,H2,ME-GI,0,2023
B,H2,ME-LGI,0,2023
G,Oil,ME-C,1700,2023
G,Oil,ME-GI,1600,2023
G,Oil,ME-LGI,1500,2023
G,LNG,ME-C,0,2023
G,LNG,ME-GI,0,2023
G,LNG,ME-LGI,0,2023
G,LPG,ME-C,0,2023
G,LPG,ME-GI,0,2023
G,LPG,ME-LGI,0,2023
G,MeOH,ME-C,0,2023
G,MeOH,ME-GI,0,2023
G,MeOH,ME-LGI,0,2023
G,NH3,ME-C,0,2023
G,NH3,ME-GI,0,2023
G,NH3,ME-LGI,0,2023
G,RefPO,ME-C,1600,2023
G,RefPO,ME-GI,1500,2023
G,RefPO,ME-LGI,1400,2023
G,H2,ME-C,0,2023
G,H2,ME-GI,0,2023
G,H2,ME-LGI,0,2023
O,Oil,ME-C,1000,2023
O,Oil,ME-GI,900,2023
O,Oil,ME-LGI,800,2023
O,LNG,ME-C,0,2023
O,LNG,ME-GI,0,2023
O,LNG,ME-LGI,0,2023
O,LPG,ME-C,0,2023
O,LPG,ME-GI,0,2023
O,LPG,ME-LGI,0,2023
O,MeOH,ME-C,0,2023
O,MeOH,ME-GI,0,2023
O,MeOH,ME-LGI,0,2023
O,NH3,ME-C,0,2023
O,NH3,ME-GI,0,2023
O,NH3,ME-LGI,0,2023
O,RefPO,ME-C,1200,2023
O,RefPO,ME-GI,1100,2023
O,RefPO,ME-LGI,1000,2023
O,H2,ME-C,0,2023
O,H2,ME-GI,0,2023
O,H2,ME-LGI,0,2023
C,Oil,ME-C,1500,2024
C,Oil,ME-GI,1400,2024
C,Oil,ME-LGI,1300,2024
C,LNG,ME-C,0,2024
C,LNG,ME-GI,0,2024
C,LNG,ME-LGI,0,2024
C,LPG,ME-C,0,2024
C,LPG,ME-GI,0,2024
C,LPG,ME-LGI,0,2024
C,MeOH,ME-C,0,2024
C,MeOH,ME-GI,0,2024
C,MeOH,ME-LGI,0,2024
C,NH3,ME-C,0,2024
C,NH3,ME-GI,0,2024
C,NH3,ME-LGI,0,2024
C,RefPO,ME-C,1500,2024
C,RefPO,ME-GI,1400,2024
C,RefPO,ME-LGI,1300,2024
C,H2,ME-C,0,2024
C,H2,ME-GI,0,2024
C,H2,ME-LGI,0,2024
T,Oil,ME-C,1800,2024
T,Oil,ME-GI,1700,2024
T,Oil,ME-LGI,1600,2024
T,LNG,ME-C,0,2024
T,LNG,ME-GI,0,2024
T,LNG,ME-LGI,0,2024
T,LPG,ME-C,0,2024
T,LPG,ME-GI,0,2024
T,LPG,ME-LGI,0,2024
T,MeOH,ME-C,0,2024
T,MeOH,ME-GI,0,2024
T,MeOH,ME-LGI,0,2024
T,NH3,ME-C,0,2024
T,NH3,ME-GI,0,2024
T,NH3,ME-LGI,0,2024
T,RefPO,ME-C,1700,2024
T,RefPO,ME-GI,1600,2024
T,RefPO,ME-LGI,1500,2024
T,H2,ME-C,0,2024
T,H2,ME-GI,0,2024
T,H2,ME-LGI,0,2024
B,Oil,ME-C,2000,2024
B,Oil,ME-GI,1900,2024
B,Oil,ME-LGI,1800,2024
B,LNG,ME-C,0,2024
B,LNG,ME-GI,0,2024
B,LNG,ME-LGI,0,2024
B,LPG,ME-C,0,2024
B,LPG,ME-GI,0,2024
B,LPG,ME-LGI,0,2024
B,MeOH,ME-C,0,2024
B,MeOH,ME-GI,0,2024
B,MeOH,ME-LGI,0,2024
B,NH3,ME-C,0,2024
B,NH3,ME-GI,0,2024
B,NH3,ME-LGI,0,2024
B,RefPO,ME-C,1900,2024
B,RefPO,ME-GI,1800,2024
B,RefPO,ME-LGI,1700,2024
B,H2,ME-C,0,2024
B,H2,ME-GI,0,2024
B,H2,ME-LGI,0,2024
G,Oil,ME-C,1700,2024
G,Oil,ME-GI,1600,2024
G,Oil,ME-LGI,1500,2024
G,LNG,ME-C,0,2024
G,LNG,ME-GI,0,2024
G,LNG,ME-LGI,0,2024
G,LPG,ME-C,0,2024
G,LPG,ME-GI,0,2024
G,LPG,ME-LGI,0,2024
G,MeOH,ME-C,0,2024
G,MeOH,ME-GI,0,2024
G,MeOH,ME-LGI,0,2024
G,NH3,ME-C,0,2024
G,NH3,ME-GI,0,2024
G,NH3,ME-LGI,0,2024
G,RefPO,ME-C,1600,2024
G,RefPO,ME-GI,1500,2024
G,RefPO,ME-LGI,1400,2024
G,H2,ME-C,0,2024
G,H2,ME-GI,0,2024
G,H2,ME-LGI,0,2024
O,Oil,ME-C,1000,2024
O,Oil,ME-GI,900,2024
O,Oil,ME-LGI,800,2024
O,LNG,ME-C,0,2024
O,LNG,ME-GI,0,2024
O,LNG,ME-LGI,0,2024
O,LPG,ME-C,0,2024
O,LPG,ME-GI,0,2024
O,LPG,ME-LGI,0,2024
O,MeOH,ME-C,0,2024
O,MeOH,ME-GI,0,2024
O,MeOH,ME-LGI,0,2024
O,NH3,ME-C,0,2024
O,NH3,ME-GI,0,2024
O,NH3,ME-LGI,0,2024
O,RefPO,ME-C,1200,2024
O,RefPO,ME-GI,1100,2024
O,RefPO,ME-LGI,1000,2024
O,H2,ME-C,0,2024
O,H2,ME-GI,0,2024
O,H2,ME-LGI,0,2024
C,Oil,ME-C,1200,2025
C,Oil,ME-GI,1120,2025
C,Oil,ME-LGI,1040,2025
C,LNG,ME-C,200,2025
C,LNG,ME-GI,180,2025
C,LNG,ME-LGI,160,2025
C,LPG,ME-C,260,2025
C,LPG,ME-GI,240,2025
C,LPG,ME-LGI,220,2025
C,MeOH,ME-C,0,2025
C,MeOH,ME-GI,0,2025
C,MeOH,ME-LGI,0,2025
C,NH3,ME-C,0,2025
C,NH3,ME-GI,0,2025
C,NH3,ME-LGI,0,2025
C,RefPO,ME-C,1200,2025
C,RefPO,ME-GI,1120,2025
C,RefPO,ME-LGI,1040,2025
C,H2,ME-C,0,2025
C,H2,ME-GI,0,2025
C,H2,ME-LGI,0,2025
T,Oil,ME-C,1440,2025
T,Oil,ME-GI,1360,2025
T,Oil,ME-LGI,1280,2025
T,LNG,ME-C,280,2025
T,LNG,ME-GI,260,2025
T,LNG,ME-LGI,240,2025
T,LPG,ME-C,300,2025
T,LPG,ME-GI,280,2025
T,LPG,ME-LGI,260,2025
T,MeOH,ME-C,0,2025
T,MeOH,ME-GI,0,2025
T,MeOH,ME-LGI,0,2025
T,NH3,ME-C,0,2025
T,NH3,ME-GI,0,2025
T,NH3,ME-LGI,0,2025
T,RefPO,ME-C,1360,2025
T,RefPO,ME-GI,1280,2025
T,RefPO,ME-LGI,1200,2025
T,H2,ME-C,0,2025
T,H2,ME-GI,0,2025
T,H2,ME-LGI,0,2025
B,Oil,ME-C,1600,2025
B,Oil,ME-GI,1520,2025
B,Oil,ME-LGI,1440,2025
B,LNG,ME-C,340,2025
B,LNG,ME-GI,320,2025
B,LNG,ME-LGI,300,2025
B,LPG,ME-C,340,2025
B,LPG,ME-GI,320,2025
B,LPG,ME-LGI,300,2025
B,MeOH,ME-C,0,2025
B,MeOH,ME-GI,0,2025
B,MeOH,ME-LGI,0,2025
B,NH3,ME-C,0,2025
B,NH3,ME-GI,0,2025
B,NH3,ME-LGI,0,2025
B,RefPO,ME-C,1520,2025
B,RefPO,ME-GI,1440,2025
B,RefPO,ME-LGI,1360,2025
B,H2,ME-C,0,2025
B,H2,ME-GI,0,2025
B,H2,ME-LGI,0,2025
G,Oil,ME-C,1360,2025
G,Oil,ME-GI,1280,2025
G,Oil,ME-LGI,1200,2025
G,LNG,ME-C,234,2025
G,LNG,ME-GI,216,2025
G,LNG,ME-LGI,198,2025
G,LPG,ME-C,280,2025
G,LPG,ME-GI,260,2025
G,LPG,ME-LGI,240,2025
G,MeOH,ME-C,0,2025
G,MeOH,ME-GI,0,2025
G,MeOH,ME-LGI,0,2025
G,NH3,ME-C,0,2025
G,NH3,ME-GI,0,2025
G,NH3,ME-LGI,0,2025
G,RefPO,ME-C,1280,2025
G,RefPO,ME-GI,1200,2025
G,RefPO,ME-LGI,1120,2025
G,H2,ME-C,0,2025
G,H2,ME-GI,0,2025
G,H2,ME-LGI,0,2025
O,Oil,ME-C,800,2025
O,Oil,ME-GI,720,2025
O,Oil,ME-LGI,640,2025
O,LNG,ME-C,160,2025
O,LNG,ME-GI,140,2025
O,LNG,ME-LGI,120,2025
O,LPG,ME-C,180,2025
O,LPG,ME-GI,160,2025
O,LPG,ME-LGI,140,2025
O,MeOH,ME-C,0,2025
O,MeOH,ME-GI,0,2025
O,MeOH,ME-LGI,0,2025
O,NH3,ME-C,0,2025
O,NH3,ME-GI,0,2025
O,NH3,ME-LGI,0,2025
O,RefPO,ME-C,960,2025
O,RefPO,ME-GI,880,2025
O,RefPO,ME-LGI,800,2025
O,H2,ME-C,0,2025
O,H2,ME-GI,0,2025
O,H2,ME-LGI,0,2025
C,Oil,ME-C,1200,2026
C,Oil,ME-GI,1120,2026
C,Oil,ME-LGI,1040,2026
C,LNG,ME-C,200,2026
C,LNG,ME-GI,180,2026
C,LNG,ME-LGI,160,2026
C,LPG,ME-C,260,2026
C,LPG,ME-GI,240,2026
C,LPG,ME-LGI,220,2026
C,MeOH,ME-C,0,2026
C,MeOH,ME-GI,0,2026
C,MeOH,ME-LGI,0,2026
C,NH3,ME-C,0,2026
C,NH3,ME-GI,0,2026
C,NH3,ME-LGI,0,2026
C,RefPO,ME-C,1200,2026
C,RefPO,ME-GI,1120,2026
C,RefPO,ME-LGI,1040,2026
C,H2,ME-C,0,2026
C,H2,ME-GI,0,2026
C,H2,ME-LGI,0,2026
T,Oil,ME-C,1440,2026
T,Oil,ME-GI,1360,2026
T,Oil,ME-LGI,1280,2026
T,LNG,ME-C,280,2026
T,LNG,ME-GI,260,2026
T,LNG,ME-LGI,240,2026
T,LPG,ME-C,300,2026
T,LPG,ME-GI,280,2026
T,LPG,ME-LGI,260,2026
T,MeOH,ME-C,0,2026
T,MeOH,ME-GI,0,2026
T,MeOH,ME-LGI,0,2026
T,NH3,ME-C,0,2026
T,NH3,ME-GI,0,2026
T,NH3,ME-LGI,0,2026
T,RefPO,ME-C,1360,2026
T,RefPO,ME-GI,1280,2026
T,RefPO,ME-LGI,1200,2026
T,H2,ME-C,0,2026
T,H2,ME-GI,0,2026
T,H2,ME-LGI,0,2026
B,Oil,ME-C,1600,2026
B,Oil,ME-GI,1520,2026
B,Oil,ME-LGI,1440,2026
B,LNG,ME-C,340,2026
B,LNG,ME-GI,320,2026
B,LNG,ME-LGI,300,2026
B,LPG,ME-C,340,2026
B,LPG,ME-GI,320,2026
B,LPG,ME-LGI,300,2026
B,MeOH,ME-C,0,2026
B,MeOH,ME-GI,0,2026
B,MeOH,ME-LGI,0,2026
B,NH3,ME-C,0,2026
B,NH3,ME-GI,0,2026
B,NH3,ME-LGI,0,2026
B,RefPO,ME-C,1520,2026
B,RefPO,ME-GI,1440,2026
B,RefPO,ME-LGI,1360,2026
B,H2,ME-C,0,2026
B,H2,ME-GI,0,2026
B,H2,ME-LGI,0,2026
G,Oil,ME-C,1360,2026
G,Oil,ME-GI,1280,2026
G,Oil,ME-LGI,1200,2026
G,LNG,ME-C,234,2026
G,LNG,ME-GI,216,2026
G,LNG,ME-LGI,198,2026
G,LPG,ME-C,280,2026
G,LPG,ME-GI,260,2026
G,LPG,ME-LGI,240,2026
G,MeOH,ME-C,0,2026
G,MeOH,ME-GI,0,2026
G,MeOH,ME-LGI,0,2026
G,NH3,ME-C,0,2026
G,NH3,ME-GI,0,2026
G,NH3,ME-LGI,0,2026
G,RefPO,ME-C,1280,2026
G,RefPO,ME-GI,1200,2026
G,RefPO,ME-LGI,1120,2026
G,H2,ME-C,0,2026
G,H2,ME-GI,0,2026
G,H2,ME-LGI,0,2026
O,Oil,ME-C,800,2026
O,Oil,ME-GI,720,2026
O,Oil,ME-LGI,640,2026
O,LNG,ME-C,160,2026
O,LNG,ME-GI,140,2026
O,LNG,ME-LGI,120,2026
O,LPG,ME-C,180,2026
O,LPG,ME-GI,160,2026
O,LPG,ME-LGI,140,2026
O,MeOH,ME-C,0,2026
O,MeOH,ME-GI,0,2026
O,MeOH,ME-LGI,0,2026
O,NH3,ME-C,0,2026
O,NH3,ME-GI,0,2026
O,NH3,ME-LGI,0,2026
O,RefPO,ME-C,960,2026
O,RefPO,ME-GI,880,2026
O,RefPO,ME-LGI,800,2026
O,H2,ME-C,0,2026
O,H2,ME-GI,0,2026
O,H2,ME-LGI,0,2026
C,Oil,ME-C,1200,2027
C,Oil,ME-GI,1120,2027
C,Oil,ME-LGI,1040,2027
C,LNG,ME-C,200,2027
C,LNG,ME-GI,180,2027
C,LNG,ME-LGI,160,2027
C,LPG,ME-C,260,2027
C,LPG,ME-GI,240,2027
C,LPG,ME-LGI,220,2027
C,MeOH,ME-C,0,2027
C,MeOH,ME-GI,0,2027
C,MeOH,ME-LGI,0,2027
C,NH3,ME-C,0,2027
C,NH3,ME-GI,0,2027
C,NH3,ME-LGI,0,2027
C,RefPO,ME-C,1200,2027
C,RefPO,ME-GI,1120,2027
C,RefPO,ME-LGI,1040,2027
C,H2,ME-C,0,2027
C,H2,ME-GI,0,2027
C,H2,ME-LGI,0,2027
T,Oil,ME-C,1440,2027
T,Oil,ME-GI,1360,2027
T,Oil,ME-LGI,1280,2027
T,LNG,ME-C,280,2027
T,LNG,ME-GI,260,2027
T,LNG,ME-LGI,240,2027
T,LPG,ME-C,300,2027
T,LPG,ME-GI,280,2027
T,LPG,ME-LGI,260,2027
T,MeOH,ME-C,0,2027
T,MeOH,ME-GI,0,2027
T,MeOH,ME-LGI,0,2027
T,NH3,ME-C,0,2027
T,NH3,ME-GI,0,2027
T,NH3,ME-LGI,0,2027
T,RefPO,ME-C,1360,2027
T,RefPO,ME-GI,1280,2027
T,RefPO,ME-LGI,1200,2027
T,H2,ME-C,0,2027
T,H2,ME-GI,0,2027
T,H2,ME-LGI,0,2027
B,Oil,ME-C,1600,2027
B,Oil,ME-GI,1520,2027
B,Oil,ME-LGI,1440,2027
B,LNG,ME-C,340,2027
B,LNG,ME-GI,320,2027
B,LNG,ME-LGI,300,2027
B,LPG,ME-C,340,2027
B,LPG,ME-GI,320,2027
B,LPG,ME-LGI,300,2027
B,MeOH,ME-C,0,2027
B,MeOH,ME-GI,0,2027
B,MeOH,ME-LGI,0,2027
B,NH3,ME-C,0,2027
B,NH3,ME-GI,0,2027
B,NH3,ME-LGI,0,2027
B,RefPO,ME-C,1520,2027
B,RefPO,ME-GI,1440,2027
B,RefPO,ME-LGI,1360,2027
B,H2,ME-C,0,2027
B,H2,ME-GI,0,2027
B,H2,ME-LGI,0,2027
G,Oil,ME-C,1360,2027
G,Oil,ME-GI,1280,2027
G,Oil,ME-LGI,1200,2027
G,LNG,ME-C,234,2027
G,LNG,ME-GI,216,2027
G,LNG,ME-LGI,198,2027
G,LPG,ME-C,280,2027
G,LPG,ME-GI,260,2027
G,LPG,ME-LGI,240,2027
G,MeOH,ME-C,0,2027
G,MeOH,ME-GI,0,2027
G,MeOH,ME-LGI,0,2027
G,NH3,ME-C,0,2027
G,NH3,ME-GI,0,2027
G,NH3,ME-LGI,0,2027
G,RefPO,ME-C,1280,2027
G,RefPO,ME-GI,1200,2027
G,RefPO,ME-LGI,1120,2027
G,H2,ME-C,0,2027
G,H2,ME-GI,0,2027
G,H2,ME-LGI,0,2027
O,Oil,ME-C,800,2027
O,Oil,ME-GI,720,2027
O,Oil,ME-LGI,640,2027
O,LNG,ME-C,160,2027
O,LNG,ME-GI,140,2027
O,LNG,ME-LGI,120,2027
O,LPG,ME-C,180,2027
O,LPG,ME-GI,160,2027
O,LPG,ME-LGI,140,2027
O,MeOH,ME-C,0,2027
O,MeOH,ME-GI,0,2027
O,MeOH,ME-LGI,0,2027
O,NH3,ME-C,0,2027
O,NH3,ME-GI,0,2027
O,NH3,ME-LGI,0,2027
O,RefPO,ME-C,960,2027
O,RefPO,ME-GI,880,2027
O,RefPO,ME-LGI,800,2027
O,H2,ME-C,0,2027
O,H2,ME-GI,0,2027
O,H2,ME-LGI,0,2027
C,Oil,ME-C,1200,2028
C,Oil,ME-GI,1120,2028
C,Oil,ME-LGI,1040,2028
C,LNG,ME-C,200,2028
C,LNG,ME-GI,180,2028
C,LNG,ME-LGI,160,2028
C,LPG,ME-C,260,2028
C,LPG,ME-GI,240,2028
C,LPG,ME-LGI,220,2028
C,MeOH,ME-C,0,2028
C,MeOH,ME-GI,0,2028
C,MeOH,ME-LGI,0,2028
C,NH3,ME-C,0,2028
C,NH3,ME-GI,0,2028
C,NH3,ME-LGI,0,2028
C,RefPO,ME-C,1200,2028
C,RefPO,ME-GI,1120,2028
C,RefPO,ME-LGI,1040,2028
C,H2,ME-C,0,2028
C,H2,ME-GI,0,2028
C,H2,ME-LGI,0,2028
T,Oil,ME-C,1440,2028
T,Oil,ME-GI,1360,2028
T,Oil,ME-LGI,1280,2028
T,LNG,ME-C,280,2028
T,LNG,ME-GI,260,2028
T,LNG,ME-LGI,240,2028
T,LPG,ME-C,300,2028
T,LPG,ME-GI,280,2028
T,LPG,ME-LGI,260,2028
T,MeOH,ME-C,0,2028
T,MeOH,ME-GI,0,2028
T,MeOH,ME-LGI,0,2028
T,NH3,ME-C,0,2028
T,NH3,ME-GI,0,2028
T,NH3,ME-LGI,0,2028
T,RefPO,ME-C,1360,2028
T,RefPO,ME-GI,1280,2028
T,RefPO,ME-LGI,1200,2028
T,H2,ME-C,0,2028
T,H2,ME-GI,0,2028
T,H2,ME-LGI,0,2028
B,Oil,ME-C,1600,2028
B,Oil,ME-GI,1520,2028
B,Oil,ME-LGI,1440,2028
B,LNG,ME-C,340,2028
B,LNG,ME-GI,320,2028
B,LNG,ME-LGI,300,2028
B,LPG,ME-C,340,2028
B,LPG,ME-GI,320,2028
B,LPG,ME-LGI,300,2028
B,MeOH,ME-C,0,2028
B,MeOH,ME-GI,0,2028
B,MeOH,ME-LGI,0,2028
B,NH3,ME-C,0,2028
B,NH3,ME-GI,0,2028
B,NH3,ME-LGI,0,2028
B,RefPO,ME-C,1520,2028
B,RefPO,ME-GI,1440,2028
B,RefPO,ME-LGI,1360,2028
B,H2,ME-C,0,2028
B,H2,ME-GI,0,2028
B,H2,ME-LGI,0,2028
G,Oil,ME-C,1360,2028
G,Oil,ME-GI,1280,2028
G,Oil,ME-LGI,1200,2028
G,LNG,ME-C,234,2028
G,LNG,ME-GI,216,2028
G,LNG,ME-LGI,198,2028
G,LPG,ME-C,280,2028
G,LPG,ME-GI,260,2028
G,LPG,ME-LGI,240,2028
G,MeOH,ME-C,0,2028
G,MeOH,ME-GI,0,2028
G,MeOH,ME-LGI,0,2028
G,NH3,ME-C,0,2028
G,NH3,ME-GI,0,2028
G,NH3,ME-LGI,0,2028
G,RefPO,ME-C,1280,2028
G,RefPO,ME-GI,1200,2028
G,RefPO,ME-LGI,1120,2028
G,H2,ME-C,0,2028
G,H2,ME-GI,0,2028
G,H2,ME-LGI,0,2028
O,Oil,ME-C,800,2028
O,Oil,ME-GI,720,2028
O,Oil,ME-LGI,640,2028
O,LNG,ME-C,160,2028
O,LNG,ME-GI,140,2028
O,LNG,ME-LGI,120,2028
O,LPG,ME-C,180,2028
O,LPG,ME-GI,160,2028
O,LPG,ME-LGI,140,2028
O,MeOH,ME-C,0,2028
O,MeOH,ME-GI,0,2028
O,MeOH,ME-LGI,0,2028
O,NH3,ME-C,0,2028
O,NH3,ME-GI,0,2028
O,NH3,ME-LGI,0,2028
O,RefPO,ME-C,960,2028
O,RefPO,ME-GI,880,2028
O,RefPO,ME-LGI,800,2028
O,H2,ME-C,0,2028
O,H2,ME-GI,0,2028
O,H2,ME-LGI,0,2028
C,Oil,ME-C,1200,2029
C,Oil,ME-GI,1120,2029
C,Oil,ME-LGI,1040,2029
C,LNG,ME-C,200,2029
C,LNG,ME-GI,180,2029
C,LNG,ME-LGI,160,2029
C,LPG,ME-C,260,2029
C,LPG,ME-GI,240,2029
C,LPG,ME-LGI,220,2029
C,MeOH,ME-C,0,2029
C,MeOH,ME-GI,0,2029
C,MeOH,ME-LGI,0,2029
C,NH3,ME-C,0,2029
C,NH3,ME-GI,0,2029
C,NH3,ME-LGI,0,2029
C,RefPO,ME-C,1200,2029
C,RefPO,ME-GI,1120,2029
C,RefPO,ME-LGI,1040,2029
C,H2,ME-C,0,2029
C,H2,ME-GI,0,2029
C,H2,ME-LGI,0,2029
T,Oil,ME-C,1440,2029
T,Oil,ME-GI,1360,2029
T,Oil,ME-LGI,1280,2029
T,LNG,ME-C,280,2029
T,LNG,ME-GI,260,2029
T,LNG,ME-LGI,240,2029
T,LPG,ME-C,300,2029
T,LPG,ME-GI,280,2029
T,LPG,ME-LGI,260,2029
T,MeOH,ME-C,0,2029
T,MeOH,ME-GI,0,2029
T,MeOH,ME-LGI,0,2029
T,NH3,ME-C,0,2029
T,NH3,ME-GI,0,2029
T,NH3,ME-LGI,0,2029
T,RefPO,ME-C,1360,2029
T,RefPO,ME-GI,1280,2029
T,RefPO,ME-LGI,1200,2029
T,H2,ME-C,0,2029
T,H2,ME-GI,0,2029
T,H2,ME-LGI,0,2029
B,Oil,ME-C,1600,2029
B,Oil,ME-GI,1520,2029
B,Oil,ME-LGI,1440,2029
B,LNG,ME-C,340,2029
B,LNG,ME-GI,320,2029
B,LNG,ME-LGI,300,2029
B,LPG,ME-C,340,2029
B,LPG,ME-GI,320,2029
B,LPG,ME-LGI,300,2029
B,MeOH,ME-C,0,2029
B,MeOH,ME-GI,0,2029
B,MeOH,ME-LGI,0,2029
B,NH3,ME-C,0,2029
B,NH3,ME-GI,0,2029
B,NH3,ME-LGI,0,2029
B,RefPO,ME-C,1520,2029
B,RefPO,ME-GI,1440,2029
B,RefPO,ME-LGI,1360,2029
B,H2,ME-C,0,2029
B,H2,ME-GI,0,2029
B,H2,ME-LGI,0,2029
G,Oil,ME-C,1360,2029
G,Oil,ME-GI,1280,2029
G,Oil,ME-LGI,1200,2029
G,LNG,ME-C,234,2029
G,LNG,ME-GI,216,2029
G,LNG,ME-LGI,198,2029
G,LPG,ME-C,280,2029
G,LPG,ME-GI,260,2029
G,LPG,ME-LGI,240,2029
G,MeOH,ME-C,0,2029
G,MeOH,ME-GI,0,2029
G,MeOH,ME-LGI,0,2029
G,NH3,ME-C,0,2029
G,NH3,ME-GI,0,2029
G,NH3,ME-LGI,0,2029
G,RefPO,ME-C,1280,2029
G,RefPO,ME-GI,1200,2029
G,RefPO,ME-LGI,1120,2029
G,H2,ME-C,0,2029
G,H2,ME-GI,0,2029
G,H2,ME-LGI,0,2029
O,Oil,ME-C,800,2029
O,Oil,ME-GI,720,2029
O,Oil,ME-LGI,640,2029
O,LNG,ME-C,160,2029
O,LNG,ME-GI,140,2029
O,LNG,ME-LGI,120,2029
O,LPG,ME-C,180,2029
O,LPG,ME-GI,160,2029
O,LPG,ME-LGI,140,2029
O,MeOH,ME-C,0,2029
O,MeOH,ME-GI,0,2029
O,MeOH,ME-LGI,0,2029
O,NH3,ME-C,0,2029
O,NH3,ME-GI,0,2029
O,NH3,ME-LGI,0,2029
O,RefPO,ME-C,960,2029
O,RefPO,ME-GI,880,2029
O,RefPO,ME-LGI,800,2029
O,H2,ME-C,0,2029
O,H2,ME-GI,0,2029
O,H2,ME-LGI,0,2029
C,Oil,ME-C,900,2030
C,Oil,ME-GI,840,2030
C,Oil,ME-LGI,780,2030
C,LNG,ME-C,300,2030
C,LNG,ME-GI,270,2030
C,LNG,ME-LGI,240,2030
C,LPG,ME-C,390,2030
C,LPG,ME-GI,360,2030
C,LPG,ME-LGI,330,2030
C,MeOH,ME-C,0,2030
C,MeOH,ME-GI,0,2030
C,MeOH,ME-LGI,0,2030
C,NH3,ME-C,80,2030
C,NH3,ME-GI,75,2030
C,NH3,ME-LGI,70,2030
C,RefPO,ME-C,900,2030
C,RefPO,ME-GI,840,2030
C,RefPO,ME-LGI,780,2030
C,H2,ME-C,75,2030
C,H2,ME-GI,70,2030
C,H2,ME-LGI,65,2030
T,Oil,ME-C,1080,2030
T,Oil,ME-GI,1020,2030
T,Oil,ME-LGI,960,2030
T,LNG,ME-C,420,2030
T,LNG,ME-GI,390,2030
T,LNG,ME-LGI,360,2030
T,LPG,ME-C,450,2030
T,LPG,ME-GI,420,2030
T,LPG,ME-LGI,390,2030
T,MeOH,ME-C,0,2030
T,MeOH,ME-GI,0,2030
T,MeOH,ME-LGI,0,2030
T,NH3,ME-C,65,2030
T,NH3,ME-GI,60,2030
T,NH3,ME-LGI,65,2030
T,RefPO,ME-C,1020,2030
T,RefPO,ME-GI,960,2030
T,RefPO,ME-LGI,900,2030
T,H2,ME-C,85,2030
T,H2,ME-GI,85,2030
T,H2,ME-LGI,90,2030
B,Oil,ME-C,1200,2030
B,Oil,ME-GI,1140,2030
B,Oil,ME-LGI,1080,2030
B,LNG,ME-C,510,2030
B,LNG,ME-GI,480,2030
B,LNG,ME-LGI,450,2030
B,LPG,ME-C,510,2030
B,LPG,ME-GI,480,2030
B,LPG,ME-LGI,450,2030
B,MeOH,ME-C,0,2030
B,MeOH,ME-GI,0,2030
B,MeOH,ME-LGI,0,2030
B,NH3,ME-C,96,2030
B,NH3,ME-GI,92,2030
B,NH3,ME-LGI,88,2030
B,RefPO,ME-C,1140,2030
B,RefPO,ME-GI,1080,2030
B,RefPO,ME-LGI,1020,2030
B,H2,ME-C,72,2030
B,H2,ME-GI,67.5,2030
B,H2,ME-LGI,63,2030
G,Oil,ME-C,1020,2030
G,Oil,ME-GI,960,2030
G,Oil,ME-LGI,900,2030
G,LNG,ME-C,351,2030
G,LNG,ME-GI,324,2030
G,LNG,ME-LGI,297,2030
G,LPG,ME-C,420,2030
G,LPG,ME-GI,390,2030
G,LPG,ME-LGI,360,2030
G,MeOH,ME-C,0,2030
G,MeOH,ME-GI,0,2030
G,MeOH,ME-LGI,0,2030
G,NH3,ME-C,80,2030
G,NH3,ME-GI,76,2030
G,NH3,ME-LGI,72,2030
G,RefPO,ME-C,960,2030
G,RefPO,ME-GI,900,2030
G,RefPO,ME-LGI,840,2030
G,H2,ME-C,78.75,2030
G,H2,ME-GI,75,2030
G,H2,ME-LGI,71.25,2030
O,Oil,ME-C,600,2030
O,Oil,ME-GI,540,2030
O,Oil,ME-LGI,480,2030
O,LNG,ME-C,240,2030
O,LNG,ME-GI,210,2030
O,LNG,ME-LGI,180,2030
O,LPG,ME-C,270,2030
O,LPG,ME-GI,240,2030
O,LPG,ME-LGI,210,2030
O,MeOH,ME-C,0,2030
O,MeOH,ME-GI,0,2030
O,MeOH,ME-LGI,0,2030
O,NH3,ME-C,56,2030
O,NH3,ME-GI,52,2030
O,NH3,ME-LGI,48,2030
O,RefPO,ME-C,720,2030
O,RefPO,ME-GI,660,2030
O,RefPO,ME-LGI,600,2030
O,H2,ME-C,60,2030
O,H2,ME-GI,56.25,2030
O,H2,ME-LGI,52.5,2030
C,Oil,ME-C,900,2031
C,Oil,ME-GI,840,2031
C,Oil,ME-LGI,780,2031
C,LNG,ME-C,300,2031
C,LNG,ME-GI,270,2031
C,LNG,ME-LGI,240,2031
C,LPG,ME-C,390,2031
C,LPG,ME-GI,360,2031
C,LPG,ME-LGI,330,2031
C,MeOH,ME-C,0,2031
C,MeOH,ME-GI,0,2031
C,MeOH,ME-LGI,0,2031
C,NH3,ME-C,80,2031
C,NH3,ME-GI,75,2031
C,NH3,ME-LGI,70,2031
C,RefPO,ME-C,900,2031
C,RefPO,ME-GI,840,2031
C,RefPO,ME-LGI,780,2031
C,H2,ME-C,75,2031
C,H2,ME-GI,70,2031
C,H2,ME-LGI,65,2031
T,Oil,ME-C,1080,2031
T,Oil,ME-GI,1020,2031
T,Oil,ME-LGI,960,2031
T,LNG,ME-C,420,2031
T,LNG,ME-GI,390,2031
T,LNG,ME-LGI,360,2031
T,LPG,ME-C,450,2031
T,LPG,ME-GI,420,2031
T,LPG,ME-LGI,390,2031
T,MeOH,ME-C,0,2031
T,MeOH,ME-GI,0,2031
T,MeOH,ME-LGI,0,2031
T,NH3,ME-C,65,2031
T,NH3,ME-GI,60,2031
T,NH3,ME-LGI,65,2031
T,RefPO,ME-C,1020,2031
T,RefPO,ME-GI,960,2031
T,RefPO,ME-LGI,900,2031
T,H2,ME-C,85,2031
T,H2,ME-GI,85,2031
T,H2,ME-LGI,90,2031
B,Oil,ME-C,1200,2031
B,Oil,ME-GI,1140,2031
B,Oil,ME-LGI,1080,2031
B,LNG,ME-C,510,2031
B,LNG,ME-GI,480,2031
B,LNG,ME-LGI,450,2031
B,LPG,ME-C,510,2031
B,LPG,ME-GI,480,2031
B,LPG,ME-LGI,450,2031
B,MeOH,ME-C,0,2031
B,MeOH,ME-GI,0,2031
B,MeOH,ME-LGI,0,2031
B,NH3,ME-C,96,2031
B,NH3,ME-GI,92,2031
B,NH3,ME-LGI,88,2031
B,RefPO,ME-C,1140,2031
B,RefPO,ME-GI,1080,2031
B,RefPO,ME-LGI,1020,2031
B,H2,ME-C,72,2031
B,H2,ME-GI,67.5,2031
B,H2,ME-LGI,63,2031
G,Oil,ME-C,1020,2031
G,Oil,ME-GI,960,2031
G,Oil,ME-LGI,900,2031
G,LNG,ME-C,351,2031
G,LNG,ME-GI,324,2031
G,LNG,ME-LGI,297,2031
G,LPG,ME-C,420,2031
G,LPG,ME-GI,390,2031
G,LPG,ME-LGI,360,2031
G,MeOH,ME-C,0,2031
G,MeOH,ME-GI,0,2031
G,MeOH,ME-LGI,0,2031
G,NH3,ME-C,80,2031
G,NH3,ME-GI,76,2031
G,NH3,ME-LGI,72,2031
G,RefPO,ME-C,960,2031
G,RefPO,ME-GI,900,2031
G,RefPO,ME-LGI,840,2031
G,H2,ME-C,78.75,2031
G,H2,ME-GI,75,2031
G,H2,ME-LGI,71.25,2031
O,Oil,ME-C,600,2031
O,Oil,ME-GI,540,2031
O,Oil,ME-LGI,480,2031
O,LNG,ME-C,240,2031
O,LNG,ME-GI,210,2031
O,LNG,ME-LGI,180,2031
O,LPG,ME-C,270,2031
O,LPG,ME-GI,240,2031
O,LPG,ME-LGI,210,2031
O,MeOH,ME-C,0,2031
O,MeOH,ME-GI,0,2031
O,MeOH,ME-LGI,0,2031
O,NH3,ME-C,56,2031
O,NH3,ME-GI,52,2031
O,NH3,ME-LGI,48,2031
O,RefPO,ME-C,720,2031
O,RefPO,ME-GI,660,2031
O,RefPO,ME-LGI,600,2031
O,H2,ME-C,60,2031
O,H2,ME-GI,56.25,2031
O,H2,ME-LGI,52.5,2031
C,Oil,ME-C,900,2032
C,Oil,ME-GI,840,2032
C,Oil,ME-LGI,780,2032
C,LNG,ME-C,300,2032
C,LNG,ME-GI,270,2032
C,LNG,ME-LGI,240,2032
C,LPG,ME-C,390,2032
C,LPG,ME-GI,360,2032
C,LPG,ME-LGI,330,2032
C,MeOH,ME-C,0,2032
C,MeOH,ME-GI,0,2032
C,MeOH,ME-LGI,0,2032
C,NH3,ME-C,80,2032
C,NH3,ME-GI,75,2032
C,NH3,ME-LGI,70,2032
C,RefPO,ME-C,900,2032
C,RefPO,ME-GI,840,2032
C,RefPO,ME-LGI,780,2032
C,H2,ME-C,75,2032
C,H2,ME-GI,70,2032
C,H2,ME-LGI,65,2032
T,Oil,ME-C,1080,2032
T,Oil,ME-GI,1020,2032
T,Oil,ME-LGI,960,2032
T,LNG,ME-C,420,2032
T,LNG,ME-GI,390,2032
T,LNG,ME-LGI,360,2032
T,LPG,ME-C,450,2032
T,LPG,ME-GI,420,2032
T,LPG,ME-LGI,390,2032
T,MeOH,ME-C,0,2032
T,MeOH,ME-GI,0,2032
T,MeOH,ME-LGI,0,2032
T,NH3,ME-C,65,2032
T,NH3,ME-GI,60,2032
T,NH3,ME-LGI,65,2032
T,RefPO,ME-C,1020,2032
T,RefPO,ME-GI,960,2032
T,RefPO,ME-LGI,900,2032
T,H2,ME-C,85,2032
T,H2,ME-GI,85,2032
T,H2,ME-LGI,90,2032
B,Oil,ME-C,1200,2032
B,Oil,ME-GI,1140,2032
B,Oil,ME-LGI,1080,2032
B,LNG,ME-C,510,2032
B,LNG,ME-GI,480,2032
B,LNG,ME-LGI,450,2032
B,LPG,ME-C,510,2032
B,LPG,ME-GI,480,2032
B,LPG,ME-LGI,450,2032
B,MeOH,ME-C,0,2032
B,MeOH,ME-GI,0,2032
B,MeOH,ME-LGI,0,2032
B,NH3,ME-C,96,2032
B,NH3,ME-GI,92,2032
B,NH3,ME-LGI,88,2032
B,RefPO,ME-C,1140,2032
B,RefPO,ME-GI,1080,2032
B,RefPO,ME-LGI,1020,2032
B,H2,ME-C,72,2032
B,H2,ME-GI,67.5,2032
B,H2,ME-LGI,63,2032
G,Oil,ME-C,1020,2032
G,Oil,ME-GI,960,2032
G,Oil,ME-LGI,900,2032
G,LNG,ME-C,351,2032
G,LNG,ME-GI,324,2032
G,LNG,ME-LGI,297,2032
G,LPG,ME-C,420,2032
G,LPG,ME-GI,390,2032
G,LPG,ME-LGI,360,2032
G,MeOH,ME-C,0,2032
G,MeOH,ME-GI,0,2032
G,MeOH,ME-LGI,0,2032
G,NH3,ME-C,80,2032
G,NH3,ME-GI,76,2032
G,NH3,ME-LGI,72,2032
G,RefPO,ME-C,960,2032
G,RefPO,ME-GI,900,2032
G,RefPO,ME-LGI,840,2032
G,H2,ME-C,78.75,2032
G,H2,ME-GI,75,2032
G,H2,ME-LGI,71.25,2032
O,Oil,ME-C,600,2032
O,Oil,ME-GI,540,2032
O,Oil,ME-LGI,480,2032
O,LNG,ME-C,240,2032
O,LNG,ME-GI,210,2032
O,LNG,ME-LGI,180,2032
O,LPG,ME-C,270,2032
O,LPG,ME-GI,240,2032
O,LPG,ME-LGI,210,2032
O,MeOH,ME-C,0,2032
O,MeOH,ME-GI,0,2032
O,MeOH,ME-LGI,0,2032
O,NH3,ME-C,56,2032
O,NH3,ME-GI,52,2032
O,NH3,ME-LGI,48,2032
O,RefPO,ME-C,720,2032
O,RefPO,ME-GI,660,2032
O,RefPO,ME-LGI,600,2032
O,H2,ME-C,60,2032
O,H2,ME-GI,56.25,2032
O,H2,ME-LGI,52.5,2032
C,Oil,ME-C,900,2033
C,Oil,ME-GI,840,2033
C,Oil,ME-LGI,780,2033
C,LNG,ME-C,300,2033
C,LNG,ME-GI,270,2033
C,LNG,ME-LGI,240,2033
C,LPG,ME-C,390,2033
C,LPG,ME-GI,360,2033
C,LPG,ME-LGI,330,2033
C,MeOH,ME-C,0,2033
C,MeOH,ME-GI,0,2033
C,MeOH,ME-LGI,0,2033
C,NH3,ME-C,80,2033
C,NH3,ME-GI,75,2033
C,NH3,ME-LGI,70,2033
C,RefPO,ME-C,900,2033
C,RefPO,ME-GI,840,2033
C,RefPO,ME-LGI,780,2033
C,H2,ME-C,75,2033
C,H2,ME-GI,70,2033
C,H2,ME-LGI,65,2033
T,Oil,ME-C,1080,2033
T,Oil,ME-GI,1020,2033
T,Oil,ME-LGI,960,2033
T,LNG,ME-C,420,2033
T,LNG,ME-GI,390,2033
T,LNG,ME-LGI,360,2033
T,LPG,ME-C,450,2033
T,LPG,ME-GI,420,2033
T,LPG,ME-LGI,390,2033
T,MeOH,ME-C,0,2033
T,MeOH,ME-GI,0,2033
T,MeOH,ME-LGI,0,2033
T,NH3,ME-C,65,2033
T,NH3,ME-GI,60,2033
T,NH3,ME-LGI,65,2033
T,RefPO,ME-C,1020,2033
T,RefPO,ME-GI,960,2033
T,RefPO,ME-LGI,900,2033
T,H2,ME-C,85,2033
T,H2,ME-GI,85,2033
T,H2,ME-LGI,90,2033
B,Oil,ME-C,1200,2033
B,Oil,ME-GI,1140,2033
B,Oil,ME-LGI,1080,2033
B,LNG,ME-C,510,2033
B,LNG,ME-GI,480,2033
B,LNG,ME-LGI,450,2033
B,LPG,ME-C,510,2033
B,LPG,ME-GI,480,2033
B,LPG,ME-LGI,450,2033
B,MeOH,ME-C,0,2033
B,MeOH,ME-GI,0,2033
B,MeOH,ME-LGI,0,2033
B,NH3,ME-C,96,2033
B,NH3,ME-GI,92,2033
B,NH3,ME-LGI,88,2033
B,RefPO,ME-C,1140,2033
B,RefPO,ME-GI,1080,2033
B,RefPO,ME-LGI,1020,2033
B,H2,ME-C,72,2033
B,H2,ME-GI,67.5,2033
B,H2,ME-LGI,63,2033
G,Oil,ME-C,1020,2033
G,Oil,ME-GI,960,2033
G,Oil,ME-LGI,900,2033
G,LNG,ME-C,351,2033
G,LNG,ME-GI,324,2033
G,LNG,ME-LGI,297,2033
G,LPG,ME-C,420,2033
G,LPG,ME-GI,390,2033
G,LPG,ME-LGI,360,2033
G,MeOH,ME-C,0,2033
G,MeOH,ME-GI,0,2033
G,MeOH,ME-LGI,0,2033
G,NH3,ME-C,80,2033
G,NH3,ME-GI,76,2033
G,NH3,ME-LGI,72,2033
G,RefPO,ME-C,960,2033
G,RefPO,ME-GI,900,2033
G,RefPO,ME-LGI,840,2033
G,H2,ME-C,78.75,2033
G,H2,ME-GI,75,2033
G,H2,ME-LGI,71.25,2033
O,Oil,ME-C,600,2033
O,Oil,ME-GI,540,2033
O,Oil,ME-LGI,480,2033
O,LNG,ME-C,240,2033
O,LNG,ME-GI,210,2033
O,LNG,ME-LGI,180,2033
O,LPG,ME-C,270,2033
O,LPG,ME-GI,240,2033
O,LPG,ME-LGI,210,2033
O,MeOH,ME-C,0,2033
O,MeOH,ME-GI,0,2033
O,MeOH,ME-LGI,0,2033
O,NH3,ME-C,56,2033
O,NH3,ME-GI,52,2033
O,NH3,ME-LGI,48,2033
O,RefPO,ME-C,720,2033
O,RefPO,ME-GI,660,2033
O,RefPO,ME-LGI,600,2033
O,H2,ME-C,60,2033
O,H2,ME-GI,56.25,2033
O,H2,ME-LGI,52.5,2033
C,Oil,ME-C,900,2034
C,Oil,ME-GI,840,2034
C,Oil,ME-LGI,780,2034
C,LNG,ME-C,300,2034
C,LNG,ME-GI,270,2034
C,LNG,ME-LGI,240,2034
C,LPG,ME-C,390,2034
C,LPG,ME-GI,360,2034
C,LPG,ME-LGI,330,2034
C,MeOH,ME-C,0,2034
C,MeOH,ME-GI,0,2034
C,MeOH,ME-LGI,0,2034
C,NH3,ME-C,80,2034
C,NH3,ME-GI,75,2034
C,NH3,ME-LGI,70,2034
C,RefPO,ME-C,900,2034
C,RefPO,ME-GI,840,2034
C,RefPO,ME-LGI,780,2034
C,H2,ME-C,75,2034
C,H2,ME-GI,70,2034
C,H2,ME-LGI,65,2034
T,Oil,ME-C,1080,2034
T,Oil,ME-GI,1020,2034
T,Oil,ME-LGI,960,2034
T,LNG,ME-C,420,2034
T,LNG,ME-GI,390,2034
T,LNG,ME-LGI,360,2034
T,LPG,ME-C,450,2034
T,LPG,ME-GI,420,2034
T,LPG,ME-LGI,390,2034
T,MeOH,ME-C,0,2034
T,MeOH,ME-GI,0,2034
T,MeOH,ME-LGI,0,2034
T,NH3,ME-C,65,2034
T,NH3,ME-GI,60,2034
T,NH3,ME-LGI,65,2034
T,RefPO,ME-C,1020,2034
T,RefPO,ME-GI,960,2034
T,RefPO,ME-LGI,900,2034
T,H2,ME-C,85,2034
T,H2,ME-GI,85,2034
T,H2,ME-LGI,90,2034
B,Oil,ME-C,1200,2034
B,Oil,ME-GI,1140,2034
B,Oil,ME-LGI,1080,2034
B,LNG,ME-C,510,2034
B,LNG,ME-GI,480,2034
B,LNG,ME-LGI,450,2034
B,LPG,ME-C,510,2034
B,LPG,ME-GI,480,2034
B,LPG,ME-LGI,450,2034
B,MeOH,ME-C,0,2034
B,MeOH,ME-GI,0,2034
B,MeOH,ME-LGI,0,2034
B,NH3,ME-C,96,2034
B,NH3,ME-GI,92,2034
B,NH3,ME-LGI,88,2034
B,RefPO,ME-C,1140,2034
B,RefPO,ME-GI,1080,2034
B,RefPO,ME-LGI,1020,2034
B,H2,ME-C,72,2034
B,H2,ME-GI,67.5,2034
B,H2,ME-LGI,63,2034
G,Oil,ME-C,1020,2034
G,Oil,ME-GI,960,2034
G,Oil,ME-LGI,900,2034
G,LNG,ME-C,351,2034
G,LNG,ME-GI,324,2034
G,LNG,ME-LGI,297,2034
G,LPG,ME-C,420,2034
G,LPG,ME-GI,390,2034
G,LPG,ME-LGI,360,2034
G,MeOH,ME-C,0,2034
G,MeOH,ME-GI,0,2034
G,MeOH,ME-LGI,0,2034
G,NH3,ME-C,80,2034
G,NH3,ME-GI,76,2034
G,NH3,ME-LGI,72,2034
G,RefPO,ME-C,960,2034
G,RefPO,ME-GI,900,2034
G,RefPO,ME-LGI,840,2034
G,H2,ME-C,78.75,2034
G,H2,ME-GI,75,2034
G,H2,ME-LGI,71.25,2034
O,Oil,ME-C,600,2034
O,Oil,ME-GI,540,2034
O,Oil,ME-LGI,480,2034
O,LNG,ME-C,240,2034
O,LNG,ME-GI,210,2034
O,LNG,ME-LGI,180,2034
O,LPG,ME-C,270,2034
O,LPG,ME-GI,240,2034
O,LPG,ME-LGI,210,2034
O,MeOH,ME-C,0,2034
O,MeOH,ME-GI,0,2034
O,MeOH,ME-LGI,0,2034
O,NH3,ME-C,56,2034
O,NH3,ME-GI,52,2034
O,NH3,ME-LGI,48,2034
O,RefPO,ME-C,720,2034
O,RefPO,ME-GI,660,2034
O,RefPO,ME-LGI,600,2034
O,H2,ME-C,60,2034
O,H2,ME-GI,56.25,2034
O,H2,ME-LGI,52.5,2034
C,Oil,ME-C,450,2035
C,Oil,ME-GI,420,2035
C,Oil,ME-LGI,390,2035
C,LNG,ME-C,400,2035
C,LNG,ME-GI,360,2035
C,LNG,ME-LGI,320,2035
C,LPG,ME-C,520,2035
C,LPG,ME-GI,480,2035
C,LPG,ME-LGI,440,2035
C,MeOH,ME-C,150,2035
C,MeOH,ME-GI,140,2035
C,MeOH,ME-LGI,130,2035
C,NH3,ME-C,160,2035
C,NH3,ME-GI,150,2035
C,NH3,ME-LGI,140,2035
C,RefPO,ME-C,450,2035
C,RefPO,ME-GI,420,2035
C,RefPO,ME-LGI,390,2035
C,H2,ME-C,150,2035
C,H2,ME-GI,140,2035
C,H2,ME-LGI,130,2035
T,Oil,ME-C,540,2035
T,Oil,ME-GI,510,2035
T,Oil,ME-LGI,480,2035
T,LNG,ME-C,560,2035
T,LNG,ME-GI,520,2035
T,LNG,ME-LGI,480,2035
T,LPG,ME-C,600,2035
T,LPG,ME-GI,560,2035
T,LPG,ME-LGI,520,2035
T,MeOH,ME-C,120,2035
T,MeOH,ME-GI,120,2035
T,MeOH,ME-LGI,130,2035
T,NH3,ME-C,130,2035
T,NH3,ME-GI,120,2035
T,NH3,ME-LGI,130,2035
T,RefPO,ME-C,510,2035
T,RefPO,ME-GI,480,2035
T,RefPO,ME-LGI,450,2035
T,H2,ME-C,170,2035
T,H2,ME-GI,170,2035
T,H2,ME-LGI,180,2035
B,Oil,ME-C,600,2035
B,Oil,ME-GI,570,2035
B,Oil,ME-LGI,540,2035
B,LNG,ME-C,680,2035
B,LNG,ME-GI,640,2035
B,LNG,ME-LGI,600,2035
B,LPG,ME-C,680,2035
B,LPG,ME-GI,640,2035
B,LPG,ME-LGI,600,2035
B,MeOH,ME-C,184,2035
B,MeOH,ME-GI,176,2035
B,MeOH,ME-LGI,168,2035
B,NH3,ME-C,192,2035
B,NH3,ME-GI,184,2035
B,NH3,ME-LGI,176,2035
B,RefPO,ME-C,570,2035
B,RefPO,ME-GI,540,2035
B,RefPO,ME-LGI,510,2035
B,H2,ME-C,144,2035
B,H2,ME-GI,135,2035
B,H2,ME-LGI,126,2035
G,Oil,ME-C,510,2035
G,Oil,ME-GI,480,2035
G,Oil,ME-LGI,450,2035
G,LNG,ME-C,468,2035
G,LNG,ME-GI,432,2035
G,LNG,ME-LGI,396,2035
G,LPG,ME-C,560,2035
G,LPG,ME-GI,520,2035
G,LPG,ME-LGI,480,2035
G,MeOH,ME-C,152,2035
G,MeOH,ME-GI,144,2035
G,MeOH,ME-LGI,136,2035
G,NH3,ME-C,160,2035
G,NH3,ME-GI,152,2035
G,NH3,ME-LGI,144,2035
G,RefPO,ME-C,480,2035
G,RefPO,ME-GI,450,2035
G,RefPO,ME-LGI,420,2035
G,H2,ME-C,157.5,2035
G,H2,ME-GI,150,2035
G,H2,ME-LGI,142.5,2035
O,Oil,ME-C,300,2035
O,Oil,ME-GI,270,2035
O,Oil,ME-LGI,240,2035
O,LNG,ME-C,320,2035
O,LNG,ME-GI,280,2035
O,LNG,ME-LGI,240,2035
O,LPG,ME-C,360,2035
O,LPG,ME-GI,320,2035
O,LPG,ME-LGI,280,2035
O,MeOH,ME-C,104,2035
O,MeOH,ME-GI,96,2035
O,MeOH,ME-LGI,88,2035
O,NH3,ME-C,112,2035
O,NH3,ME-GI,104,2035
O,NH3,ME-LGI,96,2035
O,RefPO,ME-C,360,2035
O,RefPO,ME-GI,330,2035
O,RefPO,ME-LGI,300,2035
O,H2,ME-C,120,2035
O,H2,ME-GI,112.5,2035
O,H2,ME-LGI,105,2035
C,Oil,ME-C,450,2036
C,Oil,ME-GI,420,2036
C,Oil,ME-LGI,390,2036
C,LNG,ME-C,400,2036
C,LNG,ME-GI,360,2036
C,LNG,ME-LGI,320,2036
C,LPG,ME-C,520,2036
C,LPG,ME-GI,480,2036
C,LPG,ME-LGI,440,2036
C,MeOH,ME-C,150,2036
C,MeOH,ME-GI,140,2036
C,MeOH,ME-LGI,130,2036
C,NH3,ME-C,160,2036
C,NH3,ME-GI,150,2036
C,NH3,ME-LGI,140,2036
C,RefPO,ME-C,450,2036
C,RefPO,ME-GI,420,2036
C,RefPO,ME-LGI,390,2036
C,H2,ME-C,150,2036
C,H2,ME-GI,140,2036
C,H2,ME-LGI,130,2036
T,Oil,ME-C,540,2036
T,Oil,ME-GI,510,2036
T,Oil,ME-LGI,480,2036
T,LNG,ME-C,560,2036
T,LNG,ME-GI,520,2036
T,LNG,ME-LGI,480,2036
T,LPG,ME-C,600,2036
T,LPG,ME-GI,560,2036
T,LPG,ME-LGI,520,2036
T,MeOH,ME-C,120,2036
T,MeOH,ME-GI,120,2036
T,MeOH,ME-LGI,130,2036
T,NH3,ME-C,130,2036
T,NH3,ME-GI,120,2036
T,NH3,ME-LGI,130,2036
T,RefPO,ME-C,510,2036
T,RefPO,ME-GI,480,2036
T,RefPO,ME-LGI,450,2036
T,H2,ME-C,170,2036
T,H2,ME-GI,170,2036
T,H2,ME-LGI,180,2036
B,Oil,ME-C,600,2036
B,Oil,ME-GI,570,2036
B,Oil,ME-LGI,540,2036
B,LNG,ME-C,680,2036
B,LNG,ME-GI,640,2036
B,LNG,ME-LGI,600,2036
B,LPG,ME-C,680,2036
B,LPG,ME-GI,640,2036
B,LPG,ME-LGI,600,2036
B,MeOH,ME-C,184,2036
B,MeOH,ME-GI,176,2036
B,MeOH,ME-LGI,168,2036
B,NH3,ME-C,192,2036
B,NH3,ME-GI,184,2036
B,NH3,ME-LGI,176,2036
B,RefPO,ME-C,570,2036
B,RefPO,ME-GI,540,2036
B,RefPO,ME-LGI,510,2036
B,H2,ME-C,144,2036
B,H2,ME-GI,135,2036
B,H2,ME-LGI,126,2036
G,Oil,ME-C,510,2036
G,Oil,ME-GI,480,2036
G,Oil,ME-LGI,450,2036
G,LNG,ME-C,468,2036
G,LNG,ME-GI,432,2036
G,LNG,ME-LGI,396,2036
G,LPG,ME-C,560,2036
G,LPG,ME-GI,520,2036
G,LPG,ME-LGI,480,2036
G,MeOH,ME-C,152,2036
G,MeOH,ME-GI,144,2036
G,MeOH,ME-LGI,136,2036
G,NH3,ME-C,160,2036
G,NH3,ME-GI,152,2036
G,NH3,ME-LGI,144,2036
G,RefPO,ME-C,480,2036
G,RefPO,ME-GI,450,2036
G,RefPO,ME-LGI,420,2036
G,H2,ME-C,157.5,2036
G,H2,ME-GI,150,2036
G,H2,ME-LGI,142.5,2036
O,Oil,ME-C,300,2036
O,Oil,ME-GI,270,2036
O,Oil,ME-LGI,240,2036
O,LNG,ME-C,320,2036
O,LNG,ME-GI,280,2036
O,LNG,ME-LGI,240,2036
O,LPG,ME-C,360,2036
O,LPG,ME-GI,320,2036
O,LPG,ME-LGI,280,2036
O,MeOH,ME-C,104,2036
O,MeOH,ME-GI,96,2036
O,MeOH,ME-LGI,88,2036
O,NH3,ME-C,112,2036
O,NH3,ME-GI,104,2036
O,NH3,ME-LGI,96,2036
O,RefPO,ME-C,360,2036
O,RefPO,ME-GI,330,2036
O,RefPO,ME-LGI,300,2036
O,H2,ME-C,120,2036
O,H2,ME-GI,112.5,2036
O,H2,ME-LGI,105,2036
C,Oil,ME-C,450,2037
C,Oil,ME-GI,420,2037
C,Oil,ME-LGI,390,2037
C,LNG,ME-C,400,2037
C,LNG,ME-GI,360,2037
C,LNG,ME-LGI,320,2037
C,LPG,ME-C,520,2037
C,LPG,ME-GI,480,2037
C,LPG,ME-LGI,440,2037
C,MeOH,ME-C,150,2037
C,MeOH,ME-GI,140,2037
C,MeOH,ME-LGI,130,2037
C,NH3,ME-C,160,2037
C,NH3,ME-GI,150,2037
C,NH3,ME-LGI,140,2037
C,RefPO,ME-C,450,2037
C,RefPO,ME-GI,420,2037
C,RefPO,ME-LGI,390,2037
C,H2,ME-C,150,2037
C,H2,ME-GI,140,2037
C,H2,ME-LGI,130,2037
T,Oil,ME-C,540,2037
T,Oil,ME-GI,510,2037
T,Oil,ME-LGI,480,2037
T,LNG,ME-C,560,2037
T,LNG,ME-GI,520,2037
T,LNG,ME-LGI,480,2037
T,LPG,ME-C,600,2037
T,LPG,ME-GI,560,2037
T,LPG,ME-LGI,520,2037
T,MeOH,ME-C,120,2037
T,MeOH,ME-GI,120,2037
T,MeOH,ME-LGI,130,2037
T,NH3,ME-C,130,2037
T,NH3,ME-GI,120,2037
T,NH3,ME-LGI,130,2037
T,RefPO,ME-C,510,2037
T,RefPO,ME-GI,480,2037
T,RefPO,ME-LGI,450,2037
T,H2,ME-C,170,2037
T,H2,ME-GI,170,2037
T,H2,ME-LGI,180,2037
B,Oil,ME-C,600,2037
B,Oil,ME-GI,570,2037
B,Oil,ME-LGI,540,2037
B,LNG,ME-C,680,2037
B,LNG,ME-GI,640,2037
B,LNG,ME-LGI,600,2037
B,LPG,ME-C,680,2037
B,LPG,ME-GI,640,2037
B,LPG,ME-LGI,600,2037
B,MeOH,ME-C,184,2037
B,MeOH,ME-GI,176,2037
B,MeOH,ME-LGI,168,2037
B,NH3,ME-C,192,2037
B,NH3,ME-GI,184,2037
B,NH3,ME-LGI,176,2037
B,RefPO,ME-C,570,2037
B,RefPO,ME-GI,540,2037
B,RefPO,ME-LGI,510,2037
B,H2,ME-C,144,2037
B,H2,ME-GI,135,2037
B,H2,ME-LGI,126,2037
G,Oil,ME-C,510,2037
G,Oil,ME-GI,480,2037
G,Oil,ME-LGI,450,2037
G,LNG,ME-C,468,2037
G,LNG,ME-GI,432,2037
G,LNG,ME-LGI,396,2037
G,LPG,ME-C,560,2037
G,LPG,ME-GI,520,2037
G,LPG,ME-LGI,480,2037
G,MeOH,ME-C,152,2037
G,MeOH,ME-GI,144,2037
G,MeOH,ME-LGI,136,2037
G,NH3,ME-C,160,2037
G,NH3,ME-GI,152,2037
G,NH3,ME-LGI,144,2037
G,RefPO,ME-C,480,2037
G,RefPO,ME-GI,450,2037
G,RefPO,ME-LGI,420,2037
G,H2,ME-C,157.5,2037
G,H2,ME-GI,150,2037
G,H2,ME-LGI,142.5,2037
O,Oil,ME-C,300,2037
O,Oil,ME-GI,270,2037
O,Oil,ME-LGI,240,2037
O,LNG,ME-C,320,2037
O,LNG,ME-GI,280,2037
O,LNG,ME-LGI,240,2037
O,LPG,ME-C,360,2037
O,LPG,ME-GI,320,2037
O,LPG,ME-LGI,280,2037
O,MeOH,ME-C,104,2037
O,MeOH,ME-GI,96,2037
O,MeOH,ME-LGI,88,2037
O,NH3,ME-C,112,2037
O,NH3,ME-GI,104,2037
O,NH3,ME-LGI,96,2037
O,RefPO,ME-C,360,2037
O,RefPO,ME-GI,330,2037
O,RefPO,ME-LGI,300,2037
O,H2,ME-C,120,2037
O,H2,ME-GI,112.5,2037
O,H2,ME-LGI,105,2037
C,Oil,ME-C,450,2038
C,Oil,ME-GI,420,2038
C,Oil,ME-LGI,390,2038
C,LNG,ME-C,400,2038
C,LNG,ME-GI,360,2038
C,LNG,ME-LGI,320,2038
C,LPG,ME-C,520,2038
C,LPG,ME-GI,480,2038
C,LPG,ME-LGI,440,2038
C,MeOH,ME-C,150,2038
C,MeOH,ME-GI,140,2038
C,MeOH,ME-LGI,130,2038
C,NH3,ME-C,160,2038
C,NH3,ME-GI,150,2038
C,NH3,ME-LGI,140,2038
C,RefPO,ME-C,450,2038
C,RefPO,ME-GI,420,2038
C,RefPO,ME-LGI,390,2038
C,H2,ME-C,150,2038
C,H2,ME-GI,140,2038
C,H2,ME-LGI,130,2038
T,Oil,ME-C,540,2038
T,Oil,ME-GI,510,2038
T,Oil,ME-LGI,480,2038
T,LNG,ME-C,560,2038
T,LNG,ME-GI,520,2038
T,LNG,ME-LGI,480,2038
T,LPG,ME-C,600,2038
T,LPG,ME-GI,560,2038
T,LPG,ME-LGI,520,2038
T,MeOH,ME-C,120,2038
T,MeOH,ME-GI,120,2038
T,MeOH,ME-LGI,130,2038
T,NH3,ME-C,130,2038
T,NH3,ME-GI,120,2038
T,NH3,ME-LGI,130,2038
T,RefPO,ME-C,510,2038
T,RefPO,ME-GI,480,2038
T,RefPO,ME-LGI,450,2038
T,H2,ME-C,170,2038
T,H2,ME-GI,170,2038
T,H2,ME-LGI,180,2038
B,Oil,ME-C,600,2038
B,Oil,ME-GI,570,2038
B,Oil,ME-LGI,540,2038
B,LNG,ME-C,680,2038
B,LNG,ME-GI,640,2038
B,LNG,ME-LGI,600,2038
B,LPG,ME-C,680,2038
B,LPG,ME-GI,640,2038
B,LPG,ME-LGI,600,2038
B,MeOH,ME-C,184,2038
B,MeOH,ME-GI,176,2038
B,MeOH,ME-LGI,168,2038
B,NH3,ME-C,192,2038
B,NH3,ME-GI,184,2038
B,NH3,ME-LGI,176,2038
B,RefPO,ME-C,570,2038
B,RefPO,ME-GI,540,2038
B,RefPO,ME-LGI,510,2038
B,H2,ME-C,144,2038
B,H2,ME-GI,135,2038
B,H2,ME-LGI,126,2038
G,Oil,ME-C,510,2038
G,Oil,ME-GI,480,2038
G,Oil,ME-LGI,450,2038
G,LNG,ME-C,468,2038
G,LNG,ME-GI,432,2038
G,LNG,ME-LGI,396,2038
G,LPG,ME-C,560,2038
G,LPG,ME-GI,520,2038
G,LPG,ME-LGI,480,2038
G,MeOH,ME-C,152,2038
G,MeOH,ME-GI,144,2038
G,MeOH,ME-LGI,136,2038
G,NH3,ME-C,160,2038
G,NH3,ME-GI,152,2038
G,NH3,ME-LGI,144,2038
G,RefPO,ME-C,480,2038
G,RefPO,ME-GI,450,2038
G,RefPO,ME-LGI,420,2038
G,H2,ME-C,157.5,2038
G,H2,ME-GI,150,2038
G,H2,ME-LGI,142.5,2038
O,Oil,ME-C,300,2038
O,Oil,ME-GI,270,2038
O,Oil,ME-LGI,240,2038
O,LNG,ME-C,320,2038
O,LNG,ME-GI,280,2038
O,LNG,ME-LGI,240,2038
O,LPG,ME-C,360,2038
O,LPG,ME-GI,320,2038
O,LPG,ME-LGI,280,2038
O,MeOH,ME-C,104,2038
O,MeOH,ME-GI,96,2038
O,MeOH,ME-LGI,88,2038
O,NH3,ME-C,112,2038
O,NH3,ME-GI,104,2038
O,NH3,ME-LGI,96,2038
O,RefPO,ME-C,360,2038
O,RefPO,ME-GI,330,2038
O,RefPO,ME-LGI,300,2038
O,H2,ME-C,120,2038
O,H2,ME-GI,112.5,2038
O,H2,ME-LGI,105,2038
C,Oil,ME-C,450,2039
C,Oil,ME-GI,420,2039
C,Oil,ME-LGI,390,2039
C,LNG,ME-C,400,2039
C,LNG,ME-GI,360,2039
C,LNG,ME-LGI,320,2039
C,LPG,ME-C,520,2039
C,LPG,ME-GI,480,2039
C,LPG,ME-LGI,440,2039
C,MeOH,ME-C,150,2039
C,MeOH,ME-GI,140,2039
C,MeOH,ME-LGI,130,2039
C,NH3,ME-C,160,2039
C,NH3,ME-GI,150,2039
C,NH3,ME-LGI,140,2039
C,RefPO,ME-C,450,2039
C,RefPO,ME-GI,420,2039
C,RefPO,ME-LGI,390,2039
C,H2,ME-C,150,2039
C,H2,ME-GI,140,2039
C,H2,ME-LGI,130,2039
T,Oil,ME-C,540,2039
T,Oil,ME-GI,510,2039
T,Oil,ME-LGI,480,2039
T,LNG,ME-C,560,2039
T,LNG,ME-GI,520,2039
T,LNG,ME-LGI,480,2039
T,LPG,ME-C,600,2039
T,LPG,ME-GI,560,2039
T,LPG,ME-LGI,520,2039
T,MeOH,ME-C,120,2039
T,MeOH,ME-GI,120,2039
T,MeOH,ME-LGI,130,2039
T,NH3,ME-C,130,2039
T,NH3,ME-GI,120,2039
T,NH3,ME-LGI,130,2039
T,RefPO,ME-C,510,2039
T,RefPO,ME-GI,480,2039
T,RefPO,ME-LGI,450,2039
T,H2,ME-C,170,2039
T,H2,ME-GI,170,2039
T,H2,ME-LGI,180,2039
B,Oil,ME-C,600,2039
B,Oil,ME-GI,570,2039
B,Oil,ME-LGI,540,2039
B,LNG,ME-C,680,2039
B,LNG,ME-GI,640,2039
B,LNG,ME-LGI,600,2039
B,LPG,ME-C,680,2039
B,LPG,ME-GI,640,2039
B,LPG,ME-LGI,600,2039
B,MeOH,ME-C,184,2039
B,MeOH,ME-GI,176,2039
B,MeOH,ME-LGI,168,2039
B,NH3,ME-C,192,2039
B,NH3,ME-GI,184,2039
B,NH3,ME-LGI,176,2039
B,RefPO,ME-C,570,2039
B,RefPO,ME-GI,540,2039
B,RefPO,ME-LGI,510,2039
B,H2,ME-C,144,2039
B,H2,ME-GI,135,2039
B,H2,ME-LGI,126,2039
G,Oil,ME-C,510,2039
G,Oil,ME-GI,480,2039
G,Oil,ME-LGI,450,2039
G,LNG,ME-C,468,2039
G,LNG,ME-GI,432,2039
G,LNG,ME-LGI,396,2039
G,LPG,ME-C,560,2039
G,LPG,ME-GI,520,2039
G,LPG,ME-LGI,480,2039
G,MeOH,ME-C,152,2039
G,MeOH,ME-GI,144,2039
G,MeOH,ME-LGI,136,2039
G,NH3,ME-C,160,2039
G,NH3,ME-GI,152,2039
G,NH3,ME-LGI,144,2039
G,RefPO,ME-C,480,2039
G,RefPO,ME-GI,450,2039
G,RefPO,ME-LGI,420,2039
G,H2,ME-C,157.5,2039
G,H2,ME-GI,150,2039
G,H2,ME-LGI,142.5,2039
O,Oil,ME-C,300,2039
O,Oil,ME-GI,270,2039
O,Oil,ME-LGI,240,2039
O,LNG,ME-C,320,2039
O,LNG,ME-GI,280,2039
O,LNG,ME-LGI,240,2039
O,LPG,ME-C,360,2039
O,LPG,ME-GI,320,2039
O,LPG,ME-LGI,280,2039
O,MeOH,ME-C,104,2039
O,MeOH,ME-GI,96,2039
O,MeOH,ME-LGI,88,2039
O,NH3,ME-C,112,2039
O,NH3,ME-GI,104,2039
O,NH3,ME-LGI,96,2039
O,RefPO,ME-C,360,2039
O,RefPO,ME-GI,330,2039
O,RefPO,ME-LGI,300,2039
O,H2,ME-C,120,2039
O,H2,ME-GI,112.5,2039
O,H2,ME-LGI,105,2039
C,Oil,ME-C,150,2040
C,Oil,ME-GI,140,2040
C,Oil,ME-LGI,130,2040
C,LNG,ME-C,250,2040
C,LNG,ME-GI,225,2040
C,LNG,ME-LGI,200,2040
C,LPG,ME-C,325,2040
C,LPG,ME-GI,300,2040
C,LPG,ME-LGI,275,2040
C,MeOH,ME-C,375,2040
C,MeOH,ME-GI,350,2040
C,MeOH,ME-LGI,325,2040
C,NH3,ME-C,320,2040
C,NH3,ME-GI,300,2040
C,NH3,ME-LGI,280,2040
C,RefPO,ME-C,150,2040
C,RefPO,ME-GI,140,2040
C,RefPO,ME-LGI,130,2040
C,H2,ME-C,300,2040
C,H2,ME-GI,280,2040
C,H2,ME-LGI,260,2040
T,Oil,ME-C,180,2040
T,Oil,ME-GI,170,2040
T,Oil,ME-LGI,160,2040
T,LNG,ME-C,350,2040
T,LNG,ME-GI,325,2040
T,LNG,ME-LGI,300,2040
T,LPG,ME-C,375,2040
T,LPG,ME-GI,350,2040
T,LPG,ME-LGI,325,2040
T,MeOH,ME-C,300,2040
T,MeOH,ME-GI,300,2040
T,MeOH,ME-LGI,325,2040
T,NH3,ME-C,260,2040
T,NH3,ME-GI,240,2040
T,NH3,ME-LGI,260,2040
T,RefPO,ME-C,170,2040
T,RefPO,ME-GI,160,2040
T,RefPO,ME-LGI,150,2040
T,H2,ME-C,340,2040
T,H2,ME-GI,340,2040
T,H2,ME-LGI,360,2040
B,Oil,ME-C,200,2040
B,Oil,ME-GI,190,2040
B,Oil,ME-LGI,180,2040
B,LNG,ME-C,425,2040
B,LNG,ME-GI,400,2040
B,LNG,ME-LGI,375,2040
B,LPG,ME-C,425,2040
B,LPG,ME-GI,400,2040
B,LPG,ME-LGI,375,2040
B,MeOH,ME-C,460,2040
B,MeOH,ME-GI,440,2040
B,MeOH,ME-LGI,420,2040
B,NH3,ME-C,384,2040
B,NH3,ME-GI,368,2040
B,NH3,ME-LGI,352,2040
B,RefPO,ME-C,190,2040
B,RefPO,ME-GI,180,2040
B,RefPO,ME-LGI,170,2040
B,H2,ME-C,288,2040
B,H2,ME-GI,270,2040
B,H2,ME-LGI,252,2040
G,Oil,ME-C,170,2040
G,Oil,ME-GI,160,2040
G,Oil,ME-LGI,150,2040
G,LNG,ME-C,292.5,2040
G,LNG,ME-GI,270,2040
G,LNG,ME-LGI,247.5,2040
G,LPG,ME-C,350,2040
G,LPG,ME-GI,325,2040
G,LPG,ME-LGI,300,2040
G,MeOH,ME-C,380,2040
G,MeOH,ME-GI,360,2040
G,MeOH,ME-LGI,340,2040
G,NH3,ME-C,320,2040
G,NH3,ME-GI,304,2040
G,NH3,ME-LGI,288,2040
G,RefPO,ME-C,160,2040
G,RefPO,ME-GI,150,2040
G,RefPO,ME-LGI,140,2040
G,H2,ME-C,315,2040
G,H2,ME-GI,300,2040
G,H2,ME-LGI,285,2040
O,Oil,ME-C,100,2040
O,Oil,ME-GI,90,2040
O,Oil,ME-LGI,80,2040
O,LNG,ME-C,200,2040
O,LNG,ME-GI,175,2040
O,LNG,ME-LGI,150,2040
O,LPG,ME-C,225,2040
O,LPG,ME-GI,200,2040
O,LPG,ME-LGI,175,2040
O,MeOH,ME-C,260,2040
O,MeOH,ME-GI,240,2040
O,MeOH,ME-LGI,220,2040
O,NH3,ME-C,224,2040
O,NH3,ME-GI,208,2040
O,NH3,ME-LGI,192,2040
O,RefPO,ME-C,120,2040
O,RefPO,ME-GI,110,2040
O,RefPO,ME-LGI,100,2040
O,H2,ME-C,240,2040
O,H2,ME-GI,225,2040
O,H2,ME-LGI,210,2040
C,Oil,ME-C,150,2041
C,Oil,ME-GI,140,2041
C,Oil,ME-LGI,130,2041
C,LNG,ME-C,250,2041
C,LNG,ME-GI,225,2041
C,LNG,ME-LGI,200,2041
C,LPG,ME-C,325,2041
C,LPG,ME-GI,300,2041
C,LPG,ME-LGI,275,2041
C,MeOH,ME-C,375,2041
C,MeOH,ME-GI,350,2041
C,MeOH,ME-LGI,325,2041
C,NH3,ME-C,320,2041
C,NH3,ME-GI,300,2041
C,NH3,ME-LGI,280,2041
C,RefPO,ME-C,150,2041
C,RefPO,ME-GI,140,2041
C,RefPO,ME-LGI,130,2041
C,H2,ME-C,300,2041
C,H2,ME-GI,280,2041
C,H2,ME-LGI,260,2041
T,Oil,ME-C,180,2041
T,Oil,ME-GI,170,2041
T,Oil,ME-LGI,160,2041
T,LNG,ME-C,350,2041
T,LNG,ME-GI,325,2041
T,LNG,ME-LGI,300,2041
T,LPG,ME-C,375,2041
T,LPG,ME-GI,350,2041
T,LPG,ME-LGI,325,2041
T,MeOH,ME-C,300,2041
T,MeOH,ME-GI,300,2041
T,MeOH,ME-LGI,325,2041
T,NH3,ME-C,260,2041
T,NH3,ME-GI,240,2041
T,NH3,ME-LGI,260,2041
T,RefPO,ME-C,170,2041
T,RefPO,ME-GI,160,2041
T,RefPO,ME-LGI,150,2041
T,H2,ME-C,340,2041
T,H2,ME-GI,340,2041
T,H2,ME-LGI,360,2041
B,Oil,ME-C,200,2041
B,Oil,ME-GI,190,2041
B,Oil,ME-LGI,180,2041
B,LNG,ME-C,425,2041
B,LNG,ME-GI,400,2041
B,LNG,ME-LGI,375,2041
B,LPG,ME-C,425,2041
B,LPG,ME-GI,400,2041
B,LPG,ME-LGI,375,2041
B,MeOH,ME-C,460,2041
B,MeOH,ME-GI,440,2041
B,MeOH,ME-LGI,420,2041
B,NH3,ME-C,384,2041
B,NH3,ME-GI,368,2041
B,NH3,ME-LGI,352,2041
B,RefPO,ME-C,190,2041
B,RefPO,ME-GI,180,2041
B,RefPO,ME-LGI,170,2041
B,H2,ME-C,288,2041
B,H2,ME-GI,270,2041
B,H2,ME-LGI,252,2041
G,Oil,ME-C,170,2041
G,Oil,ME-GI,160,2041
G,Oil,ME-LGI,150,2041
G,LNG,ME-C,292.5,2041
G,LNG,ME-GI,270,2041
G,LNG,ME-LGI,247.5,2041
G,LPG,ME-C,350,2041
G,LPG,ME-GI,325,2041
G,LPG,ME-LGI,300,2041
G,MeOH,ME-C,380,2041
G,MeOH,ME-GI,360,2041
G,MeOH,ME-LGI,340,2041
G,NH3,ME-C,320,2041
G,NH3,ME-GI,304,2041
G,NH3,ME-LGI,288,2041
G,RefPO,ME-C,160,2041
G,RefPO,ME-GI,150,2041
G,RefPO,ME-LGI,140,2041
G,H2,ME-C,315,2041
G,H2,ME-GI,300,2041
G,H2,ME-LGI,285,2041
O,Oil,ME-C,100,2041
O,Oil,ME-GI,90,2041
O,Oil,ME-LGI,80,2041
O,LNG,ME-C,200,2041
O,LNG,ME-GI,175,2041
O,LNG,ME-LGI,150,2041
O,LPG,ME-C,225,2041
O,LPG,ME-GI,200,2041
O,LPG,ME-LGI,175,2041
O,MeOH,ME-C,260,2041
O,MeOH,ME-GI,240,2041
O,MeOH,ME-LGI,220,2041
O,NH3,ME-C,224,2041
O,NH3,ME-GI,208,2041
O,NH3,ME-LGI,192,2041
O,RefPO,ME-C,120,2041
O,RefPO,ME-GI,110,2041
O,RefPO,ME-LGI,100,2041
O,H2,ME-C,240,2041
O,H2,ME-GI,225,2041
O,H2,ME-LGI,210,2041
C,Oil,ME-C,150,2042
C,Oil,ME-GI,140,2042
C,Oil,ME-LGI,130,2042
C,LNG,ME-C,250,2042
C,LNG,ME-GI,225,2042
C,LNG,ME-LGI,200,2042
C,LPG,ME-C,325,2042
C,LPG,ME-GI,300,2042
C,LPG,ME-LGI,275,2042
C,MeOH,ME-C,375,2042
C,MeOH,ME-GI,350,2042
C,MeOH,ME-LGI,325,2042
C,NH3,ME-C,320,2042
C,NH3,ME-GI,300,2042
C,NH3,ME-LGI,280,2042
C,RefPO,ME-C,150,2042
C,RefPO,ME-GI,140,2042
C,RefPO,ME-LGI,130,2042
C,H2,ME-C,300,2042
C,H2,ME-GI,280,2042
C,H2,ME-LGI,260,2042
T,Oil,ME-C,180,2042
T,Oil,ME-GI,170,2042
T,Oil,ME-LGI,160,2042
T,LNG,ME-C,350,2042
T,LNG,ME-GI,325,2042
T,LNG,ME-LGI,300,2042
T,LPG,ME-C,375,2042
T,LPG,ME-GI,350,2042
T,LPG,ME-LGI,325,2042
T,MeOH,ME-C,300,2042
T,MeOH,ME-GI,300,2042
T,MeOH,ME-LGI,325,2042
T,NH3,ME-C,260,2042
T,NH3,ME-GI,240,2042
T,NH3,ME-LGI,260,2042
T,RefPO,ME-C,170,2042
T,RefPO,ME-GI,160,2042
T,RefPO,ME-LGI,150,2042
T,H2,ME-C,340,2042
T,H2,ME-GI,340,2042
T,H2,ME-LGI,360,2042
B,Oil,ME-C,200,2042
B,Oil,ME-GI,190,2042
B,Oil,ME-LGI,180,2042
B,LNG,ME-C,425,2042
B,LNG,ME-GI,400,2042
B,LNG,ME-LGI,375,2042
B,LPG,ME-C,425,2042
B,LPG,ME-GI,400,2042
B,LPG,ME-LGI,375,2042
B,MeOH,ME-C,460,2042
B,MeOH,ME-GI,440,2042
B,MeOH,ME-LGI,420,2042
B,NH3,ME-C,384,2042
B,NH3,ME-GI,368,2042
B,NH3,ME-LGI,352,2042
B,RefPO,ME-C,190,2042
B,RefPO,ME-GI,180,2042
B,RefPO,ME-LGI,170,2042
B,H2,ME-C,288,2042
B,H2,ME-GI,270,2042
B,H2,ME-LGI,252,2042
G,Oil,ME-C,170,2042
G,Oil,ME-GI,160,2042
G,Oil,ME-LGI,150,2042
G,LNG,ME-C,292.5,2042
G,LNG,ME-GI,270,2042
G,LNG,ME-LGI,247.5,2042
G,LPG,ME-C,350,2042
G,LPG,ME-GI,325,2042
G,LPG,ME-LGI,300,2042
G,MeOH,ME-C,380,2042
G,MeOH,ME-GI,360,2042
G,MeOH,ME-LGI,340,2042
G,NH3,ME-C,320,2042
G,NH3,ME-GI,304,2042
G,NH3,ME-LGI,288,2042
G,RefPO,ME-C,160,2042
G,RefPO,ME-GI,150,2042
G,RefPO,ME-LGI,140,2042
G,H2,ME-C,315,2042
G,H2,ME-GI,300,2042
G,H2,ME-LGI,285,2042
O,Oil,ME-C,100,2042
O,Oil,ME-GI,90,2042
O,Oil,ME-LGI,80,2042
O,LNG,ME-C,200,2042
O,LNG,ME-GI,175,2042
O,LNG,ME-LGI,150,2042
O,LPG,ME-C,225,2042
O,LPG,ME-GI,200,2042
O,LPG,ME-LGI,175,2042
O,MeOH,ME-C,260,2042
O,MeOH,ME-GI,240,2042
O,MeOH,ME-LGI,220,2042
O,NH3,ME-C,224,2042
O,NH3,ME-GI,208,2042
O,NH3,ME-LGI,192,2042
O,RefPO,ME-C,120,2042
O,RefPO,ME-GI,110,2042
O,RefPO,ME-LGI,100,2042
O,H2,ME-C,240,2042
O,H2,ME-GI,225,2042
O,H2,ME-LGI,210,2042
C,Oil,ME-C,150,2043
C,Oil,ME-GI,140,2043
C,Oil,ME-LGI,130,2043
C,LNG,ME-C,250,2043
C,LNG,ME-GI,225,2043
C,LNG,ME-LGI,200,2043
C,LPG,ME-C,325,2043
C,LPG,ME-GI,300,2043
C,LPG,ME-LGI,275,2043
C,MeOH,ME-C,375,2043
C,MeOH,ME-GI,350,2043
C,MeOH,ME-LGI,325,2043
C,NH3,ME-C,320,2043
C,NH3,ME-GI,300,2043
C,NH3,ME-LGI,280,2043
C,RefPO,ME-C,150,2043
C,RefPO,ME-GI,140,2043
C,RefPO,ME-LGI,130,2043
C,H2,ME-C,300,2043
C,H2,ME-GI,280,2043
C,H2,ME-LGI,260,2043
T,Oil,ME-C,180,2043
T,Oil,ME-GI,170,2043
T,Oil,ME-LGI,160,2043
T,LNG,ME-C,350,2043
T,LNG,ME-GI,325,2043
T,LNG,ME-LGI,300,2043
T,LPG,ME-C,375,2043
T,LPG,ME-GI,350,2043
T,LPG,ME-LGI,325,2043
T,MeOH,ME-C,300,2043
T,MeOH,ME-GI,300,2043
T,MeOH,ME-LGI,325,2043
T,NH3,ME-C,260,2043
T,NH3,ME-GI,240,2043
T,NH3,ME-LGI,260,2043
T,RefPO,ME-C,170,2043
T,RefPO,ME-GI,160,2043
T,RefPO,ME-LGI,150,2043
T,H2,ME-C,340,2043
T,H2,ME-GI,340,2043
T,H2,ME-LGI,360,2043
B,Oil,ME-C,200,2043
B,Oil,ME-GI,190,2043
B,Oil,ME-LGI,180,2043
B,LNG,ME-C,425,2043
B,LNG,ME-GI,400,2043
B,LNG,ME-LGI,375,2043
B,LPG,ME-C,425,2043
B,LPG,ME-GI,400,2043
B,LPG,ME-LGI,375,2043
B,MeOH,ME-C,460,2043
B,MeOH,ME-GI,440,2043
B,MeOH,ME-LGI,420,2043
B,NH3,ME-C,384,2043
B,NH3,ME-GI,368,2043
B,NH3,ME-LGI,352,2043
B,RefPO,ME-C,190,2043
B,RefPO,ME-GI,180,2043
B,RefPO,ME-LGI,170,2043
B,H2,ME-C,288,2043
B,H2,ME-GI,270,2043
B,H2,ME-LGI,252,2043
G,Oil,ME-C,170,2043
G,Oil,ME-GI,160,2043
G,Oil,ME-LGI,150,2043
G,LNG,ME-C,292.5,2043
G,LNG,ME-GI,270,2043
G,LNG,ME-LGI,247.5,2043
G,LPG,ME-C,350,2043
G,LPG,ME-GI,325,2043
G,LPG,ME-LGI,300,2043
G,MeOH,ME-C,380,2043
G,MeOH,ME-GI,360,2043
G,MeOH,ME-LGI,340,2043
G,NH3,ME-C,320,2043
G,NH3,ME-GI,304,2043
G,NH3,ME-LGI,288,2043
G,RefPO,ME-C,160,2043
G,RefPO,ME-GI,150,2043
G,RefPO,ME-LGI,140,2043
G,H2,ME-C,315,2043
G,H2,ME-GI,300,2043
G,H2,ME-LGI,285,2043
O,Oil,ME-C,100,2043
O,Oil,ME-GI,90,2043
O,Oil,ME-LGI,80,2043
O,LNG,ME-C,200,2043
O,LNG,ME-GI,175,2043
O,LNG,ME-LGI,150,2043
O,LPG,ME-C,225,2043
O,LPG,ME-GI,200,2043
O,LPG,ME-LGI,175,2043
O,MeOH,ME-C,260,2043
O,MeOH,ME-GI,240,2043
O,MeOH,ME-LGI,220,2043
O,NH3,ME-C,224,2043
O,NH3,ME-GI,208,2043
O,NH3,ME-LGI,192,2043
O,RefPO,ME-C,120,2043
O,RefPO,ME-GI,110,2043
O,RefPO,ME-LGI,100,2043
O,H2,ME-C,240,2043
O,H2,ME-GI,225,2043
O,H2,ME-LGI,210,2043
C,Oil,ME-C,150,2044
C,Oil,ME-GI,140,2044
C,Oil,ME-LGI,130,2044
C,LNG,ME-C,250,2044
C,LNG,ME-GI,225,2044
C,LNG,ME-LGI,200,2044
C,LPG,ME-C,325,2044
C,LPG,ME-GI,300,2044
C,LPG,ME-LGI,275,2044
C,MeOH,ME-C,375,2044
C,MeOH,ME-GI,350,2044
C,MeOH,ME-LGI,325,2044
C,NH3,ME-C,320,2044
C,NH3,ME-GI,300,2044
C,NH3,ME-LGI,280,2044
C,RefPO,ME-C,150,2044
C,RefPO,ME-GI,140,2044
C,RefPO,ME-LGI,130,2044
C,H2,ME-C,300,2044
C,H2,ME-GI,280,2044
C,H2,ME-LGI,260,2044
T,Oil,ME-C,180,2044
T,Oil,ME-GI,170,2044
T,Oil,ME-LGI,160,2044
T,LNG,ME-C,350,2044
T,LNG,ME-GI,325,2044
T,LNG,ME-LGI,300,2044
T,LPG,ME-C,375,2044
T,LPG,ME-GI,350,2044
T,LPG,ME-LGI,325,2044
T,MeOH,ME-C,300,2044
T,MeOH,ME-GI,300,2044
T,MeOH,ME-LGI,325,2044
T,NH3,ME-C,260,2044
T,NH3,ME-GI,240,2044
T,NH3,ME-LGI,260,2044
T,RefPO,ME-C,170,2044
T,RefPO,ME-GI,160,2044
T,RefPO,ME-LGI,150,2044
T,H2,ME-C,340,2044
T,H2,ME-GI,340,2044
T,H2,ME-LGI,360,2044
B,Oil,ME-C,200,2044
B,Oil,ME-GI,190,2044
B,Oil,ME-LGI,180,2044
B,LNG,ME-C,425,2044
B,LNG,ME-GI,400,2044
B,LNG,ME-LGI,375,2044
B,LPG,ME-C,425,2044
B,LPG,ME-GI,400,2044
B,LPG,ME-LGI,375,2044
B,MeOH,ME-C,460,2044
B,MeOH,ME-GI,440,2044
B,MeOH,ME-LGI,420,2044
B,NH3,ME-C,384,2044
B,NH3,ME-GI,368,2044
B,NH3,ME-LGI,352,2044
B,RefPO,ME-C,190,2044
B,RefPO,ME-GI,180,2044
B,RefPO,ME-LGI,170,2044
B,H2,ME-C,288,2044
B,H2,ME-GI,270,2044
B,H2,ME-LGI,252,2044
G,Oil,ME-C,170,2044
G,Oil,ME-GI,160,2044
G,Oil,ME-LGI,150,2044
G,LNG,ME-C,292.5,2044
G,LNG,ME-GI,270,2044
G,LNG,ME-LGI,247.5,2044
G,LPG,ME-C,350,2044
G,LPG,ME-GI,325,2044
G,LPG,ME-LGI,300,2044
G,MeOH,ME-C,380,2044
G,MeOH,ME-GI,360,2044
G,MeOH,ME-LGI,340,2044
G,NH3,ME-C,320,2044
G,NH3,ME-GI,304,2044
G,NH3,ME-LGI,288,2044
G,RefPO,ME-C,160,2044
G,RefPO,ME-GI,150,2044
G,RefPO,ME-LGI,140,2044
G,H2,ME-C,315,2044
G,H2,ME-GI,300,2044
G,H2,ME-LGI,285,2044
O,Oil,ME-C,100,2044
O,Oil,ME-GI,90,2044
O,Oil,ME-LGI,80,2044
O,LNG,ME-C,200,2044
O,LNG,ME-GI,175,2044
O,LNG,ME-LGI,150,2044
O,LPG,ME-C,225,2044
O,LPG,ME-GI,200,2044
O,LPG,ME-LGI,175,2044
O,MeOH,ME-C,260,2044
O,MeOH,ME-GI,240,2044
O,MeOH,ME-LGI,220,2044
O,NH3,ME-C,224,2044
O,NH3,ME-GI,208,2044
O,NH3,ME-LGI,192,2044
O,RefPO,ME-C,120,2044
O,RefPO,ME-GI,110,2044
O,RefPO,ME-LGI,100,2044
O,H2,ME-C,240,2044
O,H2,ME-GI,225,2044
O,H2,ME-LGI,210,2044
C,Oil,ME-C,0,2045
C,Oil,ME-GI,0,2045
C,Oil,ME-LGI,0,2045
C,LNG,ME-C,100,2045
C,LNG,ME-GI,90,2045
C,LNG,ME-LGI,80,2045
C,LPG,ME-C,130,2045
C,LPG,ME-GI,120,2045
C,LPG,ME-LGI,110,2045
C,MeOH,ME-C,450,2045
C,MeOH,ME-GI,420,2045
C,MeOH,ME-LGI,390,2045
C,NH3,ME-C,480,2045
C,NH3,ME-GI,450,2045
C,NH3,ME-LGI,420,2045
C,RefPO,ME-C,0,2045
C,RefPO,ME-GI,0,2045
C,RefPO,ME-LGI,0,2045
C,H2,ME-C,450,2045
C,H2,ME-GI,420,2045
C,H2,ME-LGI,390,2045
T,Oil,ME-C,0,2045
T,Oil,ME-GI,0,2045
T,Oil,ME-LGI,0,2045
T,LNG,ME-C,140,2045
T,LNG,ME-GI,130,2045
T,LNG,ME-LGI,120,2045
T,LPG,ME-C,150,2045
T,LPG,ME-GI,140,2045
T,LPG,ME-LGI,130,2045
T,MeOH,ME-C,360,2045
T,MeOH,ME-GI,360,2045
T,MeOH,ME-LGI,390,2045
T,NH3,ME-C,390,2045
T,NH3,ME-GI,360,2045
T,NH3,ME-LGI,390,2045
T,RefPO,ME-C,0,2045
T,RefPO,ME-GI,0,2045
T,RefPO,ME-LGI,0,2045
T,H2,ME-C,510,2045
T,H2,ME-GI,510,2045
T,H2,ME-LGI,540,2045
B,Oil,ME-C,0,2045
B,Oil,ME-GI,0,2045
B,Oil,ME-LGI,0,2045
B,LNG,ME-C,170,2045
B,LNG,ME-GI,160,2045
B,LNG,ME-LGI,150,2045
B,LPG,ME-C,170,2045
B,LPG,ME-GI,160,2045
B,LPG,ME-LGI,150,2045
B,MeOH,ME-C,552,2045
B,MeOH,ME-GI,528,2045
B,MeOH,ME-LGI,504,2045
B,NH3,ME-C,576,2045
B,NH3,ME-GI,552,2045
B,NH3,ME-LGI,528,2045
B,RefPO,ME-C,0,2045
B,RefPO,ME-GI,0,2045
B,RefPO,ME-LGI,0,2045
B,H2,ME-C,432,2045
B,H2,ME-GI,405,2045
B,H2,ME-LGI,378,2045
G,Oil,ME-C,0,2045
G,Oil,ME-GI,0,2045
G,Oil,ME-LGI,0,2045
G,LNG,ME-C,117,2045
G,LNG,ME-GI,108,2045
G,LNG,ME-LGI,99,2045
G,LPG,ME-C,140,2045
G,LPG,ME-GI,130,2045
G,LPG,ME-LGI,120,2045
G,MeOH,ME-C,456,2045
G,MeOH,ME-GI,432,2045
G,MeOH,ME-LGI,408,2045
G,NH3,ME-C,480,2045
G,NH3,ME-GI,456,2045
G,NH3,ME-LGI,432,2045
G,RefPO,ME-C,0,2045
G,RefPO,ME-GI,0,2045
G,RefPO,ME-LGI,0,2045
G,H2,ME-C,472.5,2045
G,H2,ME-GI,450,2045
G,H2,ME-LGI,427.5,2045
O,Oil,ME-C,0,2045
O,Oil,ME-GI,0,2045
O,Oil,ME-LGI,0,2045
O,LNG,ME-C,80,2045
O,LNG,ME-GI,70,2045
O,LNG,ME-LGI,60,2045
O,LPG,ME-C,90,2045
O,LPG,ME-GI,80,2045
O,LPG,ME-LGI,70,2045
O,MeOH,ME-C,312,2045
O,MeOH,ME-GI,288,2045
O,MeOH,ME-LGI,264,2045
O,NH3,ME-C,336,2045
O,NH3,ME-GI,312,2045
O,NH3,ME-LGI,288,2045
O,RefPO,ME-C,0,2045
O,RefPO,ME-GI,0,2045
O,RefPO,ME-LGI,0,2045
O,H2,ME-C,360,2045
O,H2,ME-GI,337.5,2045
O,H2,ME-LGI,315,2045
C,Oil,ME-C,0,2046
C,Oil,ME-GI,0,2046
C,Oil,ME-LGI,0,2046
C,LNG,ME-C,100,2046
C,LNG,ME-GI,90,2046
C,LNG,ME-LGI,80,2046
C,LPG,ME-C,130,2046
C,LPG,ME-GI,120,2046
C,LPG,ME-LGI,110,2046
C,MeOH,ME-C,450,2046
C,MeOH,ME-GI,420,2046
C,MeOH,ME-LGI,390,2046
C,NH3,ME-C,480,2046
C,NH3,ME-GI,450,2046
C,NH3,ME-LGI,420,2046
C,RefPO,ME-C,0,2046
C,RefPO,ME-GI,0,2046
C,RefPO,ME-LGI,0,2046
C,H2,ME-C,450,2046
C,H2,ME-GI,420,2046
C,H2,ME-LGI,390,2046
T,Oil,ME-C,0,2046
T,Oil,ME-GI,0,2046
T,Oil,ME-LGI,0,2046
T,LNG,ME-C,140,2046
T,LNG,ME-GI,130,2046
T,LNG,ME-LGI,120,2046
T,LPG,ME-C,150,2046
T,LPG,ME-GI,140,2046
T,LPG,ME-LGI,130,2046
T,MeOH,ME-C,360,2046
T,MeOH,ME-GI,360,2046
T,MeOH,ME-LGI,390,2046
T,NH3,ME-C,390,2046
T,NH3,ME-GI,360,2046
T,NH3,ME-LGI,390,2046
T,RefPO,ME-C,0,2046
T,RefPO,ME-GI,0,2046
T,RefPO,ME-LGI,0,2046
T,H2,ME-C,510,2046
T,H2,ME-GI,510,2046
T,H2,ME-LGI,540,2046
B,Oil,ME-C,0,2046
B,Oil,ME-GI,0,2046
B,Oil,ME-LGI,0,2046
B,LNG,ME-C,170,2046
B,LNG,ME-GI,160,2046
B,LNG,ME-LGI,150,2046
B,LPG,ME-C,170,2046
B,LPG,ME-GI,160,2046
B,LPG,ME-LGI,150,2046
B,MeOH,ME-C,552,2046
B,MeOH,ME-GI,528,2046
B,MeOH,ME-LGI,504,2046
B,NH3,ME-C,576,2046
B,NH3,ME-GI,552,2046
B,NH3,ME-LGI,528,2046
B,RefPO,ME-C,0,2046
B,RefPO,ME-GI,0,2046
B,RefPO,ME-LGI,0,2046
B,H2,ME-C,432,2046
B,H2,ME-GI,405,2046
B,H2,ME-LGI,378,2046
G,Oil,ME-C,0,2046
G,Oil,ME-GI,0,2046
G,Oil,ME-LGI,0,2046
G,LNG,ME-C,117,2046
G,LNG,ME-GI,108,2046
G,LNG,ME-LGI,99,2046
G,LPG,ME-C,140,2046
G,LPG,ME-GI,130,2046
G,LPG,ME-LGI,120,2046
G,MeOH,ME-C,456,2046
G,MeOH,ME-GI,432,2046
G,MeOH,ME-LGI,408,2046
G,NH3,ME-C,480,2046
G,NH3,ME-GI,456,2046
G,NH3,ME-LGI,432,2046
G,RefPO,ME-C,0,2046
G,RefPO,ME-GI,0,2046
G,RefPO,ME-LGI,0,2046
G,H2,ME-C,472.5,2046
G,H2,ME-GI,450,2046
G,H2,ME-LGI,427.5,2046
O,Oil,ME-C,0,2046
O,Oil,ME-GI,0,2046
O,Oil,ME-LGI,0,2046
O,LNG,ME-C,80,2046
O,LNG,ME-GI,70,2046
O,LNG,ME-LGI,60,2046
O,LPG,ME-C,90,2046
O,LPG,ME-GI,80,2046
O,LPG,ME-LGI,70,2046
O,MeOH,ME-C,312,2046
O,MeOH,ME-GI,288,2046
O,MeOH,ME-LGI,264,2046
O,NH3,ME-C,336,2046
O,NH3,ME-GI,312,2046
O,NH3,ME-LGI,288,2046
O,RefPO,ME-C,0,2046
O,RefPO,ME-GI,0,2046
O,RefPO,ME-LGI,0,2046
O,H2,ME-C,360,2046
O,H2,ME-GI,337.5,2046
O,H2,ME-LGI,315,2046
C,Oil,ME-C,0,2047
C,Oil,ME-GI,0,2047
C,Oil,ME-LGI,0,2047
C,LNG,ME-C,100,2047
C,LNG,ME-GI,90,2047
C,LNG,ME-LGI,80,2047
C,LPG,ME-C,130,2047
C,LPG,ME-GI,120,2047
C,LPG,ME-LGI,110,2047
C,MeOH,ME-C,450,2047
C,MeOH,ME-GI,420,2047
C,MeOH,ME-LGI,390,2047
C,NH3,ME-C,480,2047
C,NH3,ME-GI,450,2047
C,NH3,ME-LGI,420,2047
C,RefPO,ME-C,0,2047
C,RefPO,ME-GI,0,2047
C,RefPO,ME-LGI,0,2047
C,H2,ME-C,450,2047
C,H2,ME-GI,420,2047
C,H2,ME-LGI,390,2047
T,Oil,ME-C,0,2047
T,Oil,ME-GI,0,2047
T,Oil,ME-LGI,0,2047
T,LNG,ME-C,140,2047
T,LNG,ME-GI,130,2047
T,LNG,ME-LGI,120,2047
T,LPG,ME-C,150,2047
T,LPG,ME-GI,140,2047
T,LPG,ME-LGI,130,2047
T,MeOH,ME-C,360,2047
T,MeOH,ME-GI,360,2047
T,MeOH,ME-LGI,390,2047
T,NH3,ME-C,390,2047
T,NH3,ME-GI,360,2047
T,NH3,ME-LGI,390,2047
T,RefPO,ME-C,0,2047
T,RefPO,ME-GI,0,2047
T,RefPO,ME-LGI,0,2047
T,H2,ME-C,510,2047
T,H2,ME-GI,510,2047
T,H2,ME-LGI,540,2047
B,Oil,ME-C,0,2047
B,Oil,ME-GI,0,2047
B,Oil,ME-LGI,0,2047
B,LNG,ME-C,170,2047
B,LNG,ME-GI,160,2047
B,LNG,ME-LGI,150,2047
B,LPG,ME-C,170,2047
B,LPG,ME-GI,160,2047
B,LPG,ME-LGI,150,2047
B,MeOH,ME-C,552,2047
B,MeOH,ME-GI,528,2047
B,MeOH,ME-LGI,504,2047
B,NH3,ME-C,576,2047
B,NH3,ME-GI,552,2047
B,NH3,ME-LGI,528,2047
B,RefPO,ME-C,0,2047
B,RefPO,ME-GI,0,2047
B,RefPO,ME-LGI,0,2047
B,H2,ME-C,432,2047
B,H2,ME-GI,405,2047
B,H2,ME-LGI,378,2047
G,Oil,ME-C,0,2047
G,Oil,ME-GI,0,2047
G,Oil,ME-LGI,0,2047
G,LNG,ME-C,117,2047
G,LNG,ME-GI,108,2047
G,LNG,ME-LGI,99,2047
G,LPG,ME-C,140,2047
G,LPG,ME-GI,130,2047
G,LPG,ME-LGI,120,2047
G,MeOH,ME-C,456,2047
G,MeOH,ME-GI,432,2047
G,MeOH,ME-LGI,408,2047
G,NH3,ME-C,480,2047
G,NH3,ME-GI,456,2047
G,NH3,ME-LGI,432,2047
G,RefPO,ME-C,0,2047
G,RefPO,ME-GI,0,2047
G,RefPO,ME-LGI,0,2047
G,H2,ME-C,472.5,2047
G,H2,ME-GI,450,2047
G,H2,ME-LGI,427.5,2047
O,Oil,ME-C,0,2047
O,Oil,ME-GI,0,2047
O,Oil,ME-LGI,0,2047
O,LNG,ME-C,80,2047
O,LNG,ME-GI,70,2047
O,LNG,ME-LGI,60,2047
O,LPG,ME-C,90,2047
O,LPG,ME-GI,80,2047
O,LPG,ME-LGI,70,2047
O,MeOH,ME-C,312,2047
O,MeOH,ME-GI,288,2047
O,MeOH,ME-LGI,264,2047
O,NH3,ME-C,336,2047
O,NH3,ME-GI,312,2047
O,NH3,ME-LGI,288,2047
O,RefPO,ME-C,0,2047
O,RefPO,ME-GI,0,2047
O,RefPO,ME-LGI,0,2047
O,H2,ME-C,360,2047
O,H2,ME-GI,337.5,2047
O,H2,ME-LGI,315,2047
C,Oil,ME-C,0,2048
C,Oil,ME-GI,0,2048
C,Oil,ME-LGI,0,2048
C,LNG,ME-C,100,2048
C,LNG,ME-GI,90,2048
C,LNG,ME-LGI,80,2048
C,LPG,ME-C,130,2048
C,LPG,ME-GI,120,2048
C,LPG,ME-LGI,110,2048
C,MeOH,ME-C,450,2048
C,MeOH,ME-GI,420,2048
C,MeOH,ME-LGI,390,2048
C,NH3,ME-C,480,2048
C,NH3,ME-GI,450,2048
C,NH3,ME-LGI,420,2048
C,RefPO,ME-C,0,2048
C,RefPO,ME-GI,0,2048
C,RefPO,ME-LGI,0,2048
C,H2,ME-C,450,2048
C,H2,ME-GI,420,2048
C,H2,ME-LGI,390,2048
T,Oil,ME-C,0,2048
T,Oil,ME-GI,0,2048
T,Oil,ME-LGI,0,2048
T,LNG,ME-C,140,2048
T,LNG,ME-GI,130,2048
T,LNG,ME-LGI,120,2048
T,LPG,ME-C,150,2048
T,LPG,ME-GI,140,2048
T,LPG,ME-LGI,130,2048
T,MeOH,ME-C,360,2048
T,MeOH,ME-GI,360,2048
T,MeOH,ME-LGI,390,2048
T,NH3,ME-C,390,2048
T,NH3,ME-GI,360,2048
T,NH3,ME-LGI,390,2048
T,RefPO,ME-C,0,2048
T,RefPO,ME-GI,0,2048
T,RefPO,ME-LGI,0,2048
T,H2,ME-C,510,2048
T,H2,ME-GI,510,2048
T,H2,ME-LGI,540,2048
B,Oil,ME-C,0,2048
B,Oil,ME-GI,0,2048
B,Oil,ME-LGI,0,2048
B,LNG,ME-C,170,2048
B,LNG,ME-GI,160,2048
B,LNG,ME-LGI,150,2048
B,LPG,ME-C,170,2048
B,LPG,ME-GI,160,2048
B,LPG,ME-LGI,150,2048
B,MeOH,ME-C,552,2048
B,MeOH,ME-GI,528,2048
B,MeOH,ME-LGI,504,2048
B,NH3,ME-C,576,2048
B,NH3,ME-GI,552,2048
B,NH3,ME-LGI,528,2048
B,RefPO,ME-C,0,2048
B,RefPO,ME-GI,0,2048
B,RefPO,ME-LGI,0,2048
B,H2,ME-C,432,2048
B,H2,ME-GI,405,2048
B,H2,ME-LGI,378,2048
G,Oil,ME-C,0,2048
G,Oil,ME-GI,0,2048
G,Oil,ME-LGI,0,2048
G,LNG,ME-C,117,2048
G,LNG,ME-GI,108,2048
G,LNG,ME-LGI,99,2048
G,LPG,ME-C,140,2048
G,LPG,ME-GI,130,2048
G,LPG,ME-LGI,120,2048
G,MeOH,ME-C,456,2048
G,MeOH,ME-GI,432,2048
G,MeOH,ME-LGI,408,2048
G,NH3,ME-C,480,2048
G,NH3,ME-GI,456,2048
G,NH3,ME-LGI,432,2048
G,RefPO,ME-C,0,2048
G,RefPO,ME-GI,0,2048
G,RefPO,ME-LGI,0,2048
G,H2,ME-C,472.5,2048
G,H2,ME-GI,450,2048
G,H2,ME-LGI,427.5,2048
O,Oil,ME-C,0,2048
O,Oil,ME-GI,0,2048
O,Oil,ME-LGI,0,2048
O,LNG,ME-C,80,2048
O,LNG,ME-GI,70,2048
O,LNG,ME-LGI,60,2048
O,LPG,ME-C,90,2048
O,LPG,ME-GI,80,2048
O,LPG,ME-LGI,70,2048
O,MeOH,ME-C,312,2048
O,MeOH,ME-GI,288,2048
O,MeOH,ME-LGI,264,2048
O,NH3,ME-C,336,2048
O,NH3,ME-GI,312,2048
O,NH3,ME-LGI,288,2048
O,RefPO,ME-C,0,2048
O,RefPO,ME-GI,0,2048
O,RefPO,ME-LGI,0,2048
O,H2,ME-C,360,2048
O,H2,ME-GI,337.5,2048
O,H2,ME-LGI,315,2048
C,Oil,ME-C,0,2049
C,Oil,ME-GI,0,2049
C,Oil,ME-LGI,0,2049
C,LNG,ME-C,100,2049
C,LNG,ME-GI,90,2049
C,LNG,ME-LGI,80,2049
C,LPG,ME-C,130,2049
C,LPG,ME-GI,120,2049
C,LPG,ME-LGI,110,2049
C,MeOH,ME-C,450,2049
C,MeOH,ME-GI,420,2049
C,MeOH,ME-LGI,390,2049
C,NH3,ME-C,480,2049
C,NH3,ME-GI,450,2049
C,NH3,ME-LGI,420,2049
C,RefPO,ME-C,0,2049
C,RefPO,ME-GI,0,2049
C,RefPO,ME-LGI,0,2049
C,H2,ME-C,450,2049
C,H2,ME-GI,420,2049
C,H2,ME-LGI,390,2049
T,Oil,ME-C,0,2049
T,Oil,ME-GI,0,2049
T,Oil,ME-LGI,0,2049
T,LNG,ME-C,140,2049
T,LNG,ME-GI,130,2049
T,LNG,ME-LGI,120,2049
T,LPG,ME-C,150,2049
T,LPG,ME-GI,140,2049
T,LPG,ME-LGI,130,2049
T,MeOH,ME-C,360,2049
T,MeOH,ME-GI,360,2049
T,MeOH,ME-LGI,390,2049
T,NH3,ME-C,390,2049
T,NH3,ME-GI,360,2049
T,NH3,ME-LGI,390,2049
T,RefPO,ME-C,0,2049
T,RefPO,ME-GI,0,2049
T,RefPO,ME-LGI,0,2049
T,H2,ME-C,510,2049
T,H2,ME-GI,510,2049
T,H2,ME-LGI,540,2049
B,Oil,ME-C,0,2049
B,Oil,ME-GI,0,2049
B,Oil,ME-LGI,0,2049
B,LNG,ME-C,170,2049
B,LNG,ME-GI,160,2049
B,LNG,ME-LGI,150,2049
B,LPG,ME-C,170,2049
B,LPG,ME-GI,160,2049
B,LPG,ME-LGI,150,2049
B,MeOH,ME-C,552,2049
B,MeOH,ME-GI,528,2049
B,MeOH,ME-LGI,504,2049
B,NH3,ME-C,576,2049
B,NH3,ME-GI,552,2049
B,NH3,ME-LGI,528,2049
B,RefPO,ME-C,0,2049
B,RefPO,ME-GI,0,2049
B,RefPO,ME-LGI,0,2049
B,H2,ME-C,432,2049
B,H2,ME-GI,405,2049
B,H2,ME-LGI,378,2049
G,Oil,ME-C,0,2049
G,Oil,ME-GI,0,2049
G,Oil,ME-LGI,0,2049
G,LNG,ME-C,117,2049
G,LNG,ME-GI,108,2049
G,LNG,ME-LGI,99,2049
G,LPG,ME-C,140,2049
G,LPG,ME-GI,130,2049
G,LPG,ME-LGI,120,2049
G,MeOH,ME-C,456,2049
G,MeOH,ME-GI,432,2049
G,MeOH,ME-LGI,408,2049
G,NH3,ME-C,480,2049
G,NH3,ME-GI,456,2049
G,NH3,ME-LGI,432,2049
G,RefPO,ME-C,0,2049
G,RefPO,ME-GI,0,2049
G,RefPO,ME-LGI,0,2049
G,H2,ME-C,472.5,2049
G,H2,ME-GI,450,2049
G,H2,ME-LGI,427.5,2049
O,Oil,ME-C,0,2049
O,Oil,ME-GI,0,2049
O,Oil,ME-LGI,0,2049
O,LNG,ME-C,80,2049
O,LNG,ME-GI,70,2049
O,LNG,ME-LGI,60,2049
O,LPG,ME-C,90,2049
O,LPG,ME-GI,80,2049
O,LPG,ME-LGI,70,2049
O,MeOH,ME-C,312,2049
O,MeOH,ME-GI,288,2049
O,MeOH,ME-LGI,264,2049
O,NH3,ME-C,336,2049
O,NH3,ME-GI,312,2049
O,NH3,ME-LGI,288,2049
O,RefPO,ME-C,0,2049
O,RefPO,ME-GI,0,2049
O,RefPO,ME-LGI,0,2049
O,H2,ME-C,360,2049
O,H2,ME-GI,337.5,2049
O,H2,ME-LGI,315,2049
C,Oil,ME-C,0,2050
C,Oil,ME-GI,0,2050
C,Oil,ME-LGI,0,2050
C,LNG,ME-C,0,2050
C,LNG,ME-GI,0,2050
C,LNG,ME-LGI,0,2050
C,LPG,ME-C,0,2050
C,LPG,ME-GI,0,2050
C,LPG,ME-LGI,0,2050
C,MeOH,ME-C,450,2050
C,MeOH,ME-GI,420,2050
C,MeOH,ME-LGI,390,2050
C,NH3,ME-C,560,2050
C,NH3,ME-GI,525,2050
C,NH3,ME-LGI,490,2050
C,RefPO,ME-C,0,2050
C,RefPO,ME-GI,0,2050
C,RefPO,ME-LGI,0,2050
C,H2,ME-C,525,2050
C,H2,ME-GI,490,2050
C,H2,ME-LGI,455,2050
T,Oil,ME-C,0,2050
T,Oil,ME-GI,0,2050
T,Oil,ME-LGI,0,2050
T,LNG,ME-C,0,2050
T,LNG,ME-GI,0,2050
T,LNG,ME-LGI,0,2050
T,LPG,ME-C,0,2050
T,LPG,ME-GI,0,2050
T,LPG,ME-LGI,0,2050
T,MeOH,ME-C,360,2050
T,MeOH,ME-GI,360,2050
T,MeOH,ME-LGI,390,2050
T,NH3,ME-C,455,2050
T,NH3,ME-GI,420,2050
T,NH3,ME-LGI,455,2050
T,RefPO,ME-C,0,2050
T,RefPO,ME-GI,0,2050
T,RefPO,ME-LGI,0,2050
T,H2,ME-C,595,2050
T,H2,ME-GI,595,2050
T,H2,ME-LGI,630,2050
B,Oil,ME-C,0,2050
B,Oil,ME-GI,0,2050
B,Oil,ME-LGI,0,2050
B,LNG,ME-C,0,2050
B,LNG,ME-GI,0,2050
B,LNG,ME-LGI,0,2050
B,LPG,ME-C,0,2050
B,LPG,ME-GI,0,2050
B,LPG,ME-LGI,0,2050
B,MeOH,ME-C,552,2050
B,MeOH,ME-GI,528,2050
B,MeOH,ME-LGI,504,2050
B,NH3,ME-C,672,2050
B,NH3,ME-GI,644,2050
B,NH3,ME-LGI,616,2050
B,RefPO,ME-C,0,2050
B,RefPO,ME-GI,0,2050
B,RefPO,ME-LGI,0,2050
B,H2,ME-C,504,2050
B,H2,ME-GI,472.5,2050
B,H2,ME-LGI,441,2050
G,Oil,ME-C,0,2050
G,Oil,ME-GI,0,2050
G,Oil,ME-LGI,0,2050
G,LNG,ME-C,0,2050
G,LNG,ME-GI,0,2050
G,LNG,ME-LGI,0,2050
G,LPG,ME-C,0,2050
G,LPG,ME-GI,0,2050
G,LPG,ME-LGI,0,2050
G,MeOH,ME-C,456,2050
G,MeOH,ME-GI,432,2050
G,MeOH,ME-LGI,408,2050
G,NH3,ME-C,560,2050
G,NH3,ME-GI,532,2050
G,NH3,ME-LGI,504,2050
G,RefPO,ME-C,0,2050
G,RefPO,ME-GI,0,2050
G,RefPO,ME-LGI,0,2050
G,H2,ME-C,551.25,2050
G,H2,ME-GI,525,2050
G,H2,ME-LGI,498.75,2050
O,Oil,ME-C,0,2050
O,Oil,ME-GI,0,2050
O,Oil,ME-LGI,0,2050
O,LNG,ME-C,0,2050
O,LNG,ME-GI,0,2050
O,LNG,ME-LGI,0,2050
O,LPG,ME-C,0,2050
O,LPG,ME-GI,0,2050
O,LPG,ME-LGI,0,2050
O,MeOH,ME-C,312,2050
O,MeOH,ME-GI,288,2050
O,MeOH,ME-LGI,264,2050
O,NH3,ME-C,392,2050
O,NH3,ME-GI,364,2050
O,NH3,ME-LGI,336,2050
O,RefPO,ME-C,0,2050
O,RefPO,ME-GI,0,2050
O,RefPO,ME-LGI,0,2050
O,H2,ME-C,420,2050
O,H2,ME-GI,393.75,2050
O,H2,ME-LGI,367.5,2050
